source_absolue,chemin_archive,octets,sha256
/Users/tanuki/.codex/worktrees/1cba/dreamer/marketing/seo/ahrefs/site-audit-2026-05-15/3xx-redirect.csv,marketing/seo/ahrefs/site-audit-2026-05-15/3xx-redirect.csv,852,088a23d411232319664dcc5658cd7af70dc904b6457649efb08015c7d6f4420d
/Users/tanuki/.codex/worktrees/1cba/dreamer/marketing/seo/ahrefs/site-audit-2026-05-15/README.md,marketing/seo/ahrefs/site-audit-2026-05-15/README.md,2058,787ccdbb8026c111659ec33dac3e7d44e014ec1a3491fbca1f09f60600e6d4c9
/Users/tanuki/.codex/worktrees/1cba/dreamer/marketing/seo/ahrefs/site-audit-2026-05-15/http-to-https-redirect.csv,marketing/seo/ahrefs/site-audit-2026-05-15/http-to-https-redirect.csv,431,30c68bafa52a587f061c828fa9305ae7490aa8bccb8e8f76f12f7897225f2901
/Users/tanuki/.codex/worktrees/1cba/dreamer/marketing/seo/ahrefs/site-audit-2026-05-15/link-opportunities.csv,marketing/seo/ahrefs/site-audit-2026-05-15/link-opportunities.csv,57080,e8fe5759f4ed6340cc467fa708aae829e5a4f442f99dca04b3495303a653d28e
/Users/tanuki/.codex/worktrees/1cba/dreamer/marketing/seo/ahrefs/site-audit-2026-05-15/meta-description-too-long.csv,marketing/seo/ahrefs/site-audit-2026-05-15/meta-description-too-long.csv,12131,f2d9b3d8e038c4df550ce44d0ea805a0a09d10bd896b5a087549fe4986b4adc7
/Users/tanuki/.codex/worktrees/1cba/dreamer/marketing/seo/ahrefs/site-audit-2026-05-15/open-graph-tags-missing.csv,marketing/seo/ahrefs/site-audit-2026-05-15/open-graph-tags-missing.csv,851,ce8190218b11030f89b15b9a930e3523f57209037f596786c1aa47dc32e9c4f4
/Users/tanuki/.codex/worktrees/1cba/dreamer/marketing/seo/ahrefs/site-audit-2026-05-15/page-and-serp-titles-do-not-match.csv,marketing/seo/ahrefs/site-audit-2026-05-15/page-and-serp-titles-do-not-match.csv,13856,f498ecec1f0d0ee3d04fc4fda53b1ce7a4abaa0257062b5e732f621f319da119
/Users/tanuki/.codex/worktrees/1cba/dreamer/marketing/seo/ahrefs/site-audit-2026-05-15/page-has-links-to-redirect.csv,marketing/seo/ahrefs/site-audit-2026-05-15/page-has-links-to-redirect.csv,21794,5bedb1999469f608e24804e60e3975ddac4807a86c5140f2b55e657bf54599df
/Users/tanuki/.codex/worktrees/1cba/dreamer/marketing/seo/ahrefs/site-audit-2026-05-15/pages-to-submit-to-indexnow.csv,marketing/seo/ahrefs/site-audit-2026-05-15/pages-to-submit-to-indexnow.csv,32878,7df860b34676f9219de9671fdfde11543acc5b92a2db21194a51e517df41deff
/Users/tanuki/.codex/worktrees/1cba/dreamer/marketing/seo/ahrefs/site-audit-2026-05-15/redirect-chain.csv,marketing/seo/ahrefs/site-audit-2026-05-15/redirect-chain.csv,447,b1b74484afda40788a42a3c173722571cba6af19d9d190bc117208b47c9b7a59
/Users/tanuki/.codex/worktrees/1cba/dreamer/marketing/seo/ahrefs/site-audit-2026-05-15/scripts/fix-site-audit.js,marketing/seo/ahrefs/site-audit-2026-05-15/scripts/fix-site-audit.js,13768,f40db0dfc69b20a85c1df2f55f713b736a617a4bdaae738b7576f7b214196eb8
/Users/tanuki/.codex/worktrees/1cba/dreamer/marketing/seo/ahrefs/site-audit-2026-05-15/serp-title-changed.csv,marketing/seo/ahrefs/site-audit-2026-05-15/serp-title-changed.csv,1409,739054833c862c48d07730a057f9b704edfcba425d7b0839fb17815539c7c0b3
/Users/tanuki/.codex/worktrees/1cba/dreamer/marketing/seo/ahrefs/site-audit-2026-05-15/structured-data-schema-validation-error.csv,marketing/seo/ahrefs/site-audit-2026-05-15/structured-data-schema-validation-error.csv,329,7e8ff731917db31e9c71b2d6fa290c1de7ac253de24581392300638a9904daf8
/Users/tanuki/.codex/worktrees/1cba/dreamer/marketing/seo/ahrefs/site-audit-2026-05-15/title-too-long.csv,marketing/seo/ahrefs/site-audit-2026-05-15/title-too-long.csv,9590,251a2aff7c7f6dbd5c993dfb459bbf7c70282af7d058f5df46022aba21649758
/Users/tanuki/.codex/worktrees/1cba/dreamer/marketing/seo/ahrefs/site-audit-2026-05-15/title-too-short.csv,marketing/seo/ahrefs/site-audit-2026-05-15/title-too-short.csv,255,04e7f205483d790ae3a4c6211f94bba6c3d647930d7b48103b98637c058ea7bd
/Users/tanuki/.codex/worktrees/1cba/dreamer/marketing/seo/ahrefs/site-audit-2026-05-15/twitter-card-missing.csv,marketing/seo/ahrefs/site-audit-2026-05-15/twitter-card-missing.csv,869,259031e50644cb0079970a2079e41c36317a6bf3bd720fcd330811df804989f2
/Users/tanuki/.codex/worktrees/1cba/dreamer/marketing/seo/ahrefs/starter-2026-07-16/README.md,marketing/seo/ahrefs/starter-2026-07-16/README.md,41189,6765e067c198a08bcc97fc4b979f63109262d7d82e46cceeaede9344af7e3859
/Users/tanuki/.codex/worktrees/1cba/dreamer/marketing/seo/ahrefs/starter-2026-07-16/ahrefs-starter-other-projects-without-noctalia-interference-2026-08-02.md,marketing/seo/ahrefs/starter-2026-07-16/ahrefs-starter-other-projects-without-noctalia-interference-2026-08-02.md,21768,4eb9e23b8ffa2d39a47a3a2b0f9ac58f49e523bd6d3032c91c6c3d41e51965af
/Users/tanuki/.codex/worktrees/1cba/dreamer/marketing/seo/ahrefs/starter-2026-07-16/drafts/j46-jet-lag-sleep-dreams/de.md,marketing/seo/ahrefs/starter-2026-07-16/drafts/j46-jet-lag-sleep-dreams/de.md,22281,403194166cde5f8b1f5e56cda2e7e0e386a7c4d76ecddaeb5aa2f84825d324e6
/Users/tanuki/.codex/worktrees/1cba/dreamer/marketing/seo/ahrefs/starter-2026-07-16/drafts/j46-jet-lag-sleep-dreams/en.md,marketing/seo/ahrefs/starter-2026-07-16/drafts/j46-jet-lag-sleep-dreams/en.md,20866,5503bb6e40e4939bfd6dc3c2c41422229d1dd1144009c61bd6ba23102119336b
/Users/tanuki/.codex/worktrees/1cba/dreamer/marketing/seo/ahrefs/starter-2026-07-16/drafts/j46-jet-lag-sleep-dreams/es.md,marketing/seo/ahrefs/starter-2026-07-16/drafts/j46-jet-lag-sleep-dreams/es.md,22172,57dd0a340bb31a891e4bb0125f9aa52d28c1ab6541ecb37505afe39e2deb62ca
/Users/tanuki/.codex/worktrees/1cba/dreamer/marketing/seo/ahrefs/starter-2026-07-16/drafts/j46-jet-lag-sleep-dreams/fr.md,marketing/seo/ahrefs/starter-2026-07-16/drafts/j46-jet-lag-sleep-dreams/fr.md,22366,0b4ce06d9cc3a5e8070a6b84519cc8fa946c92a90303e301e18b5d50c8979e72
/Users/tanuki/.codex/worktrees/1cba/dreamer/marketing/seo/ahrefs/starter-2026-07-16/drafts/j46-jet-lag-sleep-dreams/it.md,marketing/seo/ahrefs/starter-2026-07-16/drafts/j46-jet-lag-sleep-dreams/it.md,21664,1dd9b777e5a67cd3f3cb0d464a93460290f727350d257cbe6055df20e26ec902
/Users/tanuki/.codex/worktrees/1cba/dreamer/marketing/seo/ahrefs/starter-2026-07-16/drive-archive-2026-08-11.md,marketing/seo/ahrefs/starter-2026-07-16/drive-archive-2026-08-11.md,3751,deb91f62155cb14702ac7d9e6ce9193bd0f83baf6287ffbeba935e95d47e7beb
/Users/tanuki/.codex/worktrees/1cba/dreamer/marketing/seo/ahrefs/starter-2026-07-16/drive-sync-manifest-2026-08-11.csv,marketing/seo/ahrefs/starter-2026-07-16/drive-sync-manifest-2026-08-11.csv,5110,c63e10a46f66730a26f45794690681a7bfcf51397d27e628ab309609490d83aa
/Users/tanuki/.codex/worktrees/1cba/dreamer/marketing/seo/ahrefs/starter-2026-07-16/drive-sync-manifest-misabueso-2026-08-11.csv,marketing/seo/ahrefs/starter-2026-07-16/drive-sync-manifest-misabueso-2026-08-11.csv,595,d0ee3ae12aca5902e3fe7934ab8628ebeea1641b13f217e6942bca9f105e1618
/Users/tanuki/.codex/worktrees/1cba/dreamer/marketing/seo/ahrefs/starter-2026-07-16/j1-j17-decisions-2026-08-01.md,marketing/seo/ahrefs/starter-2026-07-16/j1-j17-decisions-2026-08-01.md,5330,72997bffeaa2b1456f0ead18790a3f060618be8eea565c8845db66eed4e390ef
/Users/tanuki/.codex/worktrees/1cba/dreamer/marketing/seo/ahrefs/starter-2026-07-16/j1-j17-evidence-register-2026-08-01.csv,marketing/seo/ahrefs/starter-2026-07-16/j1-j17-evidence-register-2026-08-01.csv,3748,eff46effbaf024042654ef312e66b659eb41f09677389f544a8d80cd0a09bbcc
/Users/tanuki/.codex/worktrees/1cba/dreamer/marketing/seo/ahrefs/starter-2026-07-16/j1-j17-operational-history-2026-08-01.md,marketing/seo/ahrefs/starter-2026-07-16/j1-j17-operational-history-2026-08-01.md,18655,5d78f82a5991f87c175b56cfc572ba65d089ae0891d3be8d474d823ac18baded
/Users/tanuki/.codex/worktrees/1cba/dreamer/marketing/seo/ahrefs/starter-2026-07-16/j10-priorities-2026-07-25.csv,marketing/seo/ahrefs/starter-2026-07-16/j10-priorities-2026-07-25.csv,1291,106ff30bde80a0240b5c917c193e4e5b445b5901e1d33dd3494fe1be0204c65e
/Users/tanuki/.codex/worktrees/1cba/dreamer/marketing/seo/ahrefs/starter-2026-07-16/j10-prioritization-2026-07-25.md,marketing/seo/ahrefs/starter-2026-07-16/j10-prioritization-2026-07-25.md,7085,afbc09cdc24b802c2e6573100638bf0cb270f60587ca8d5358d955417f03b043
/Users/tanuki/.codex/worktrees/1cba/dreamer/marketing/seo/ahrefs/starter-2026-07-16/j18-confounder-control-2026-08-02.md,marketing/seo/ahrefs/starter-2026-07-16/j18-confounder-control-2026-08-02.md,8358,85a79a73fdfc5f1c4dd5e61ca349d0c08e8d05120032740a4d59428d14ba1297
/Users/tanuki/.codex/worktrees/1cba/dreamer/marketing/seo/ahrefs/starter-2026-07-16/j19-j23-evidence-register-2026-08-07.csv,marketing/seo/ahrefs/starter-2026-07-16/j19-j23-evidence-register-2026-08-07.csv,2081,54d44ff97e701bc876ebecc9c7636f7aaba7c3a8652afad749a71a02011cd891
/Users/tanuki/.codex/worktrees/1cba/dreamer/marketing/seo/ahrefs/starter-2026-07-16/j19-j23-operational-update-2026-08-07.md,marketing/seo/ahrefs/starter-2026-07-16/j19-j23-operational-update-2026-08-07.md,5451,a43881afe28191a12217ab93cd17b8aeacc8c16fda7810a41b49446432407e61
/Users/tanuki/.codex/worktrees/1cba/dreamer/marketing/seo/ahrefs/starter-2026-07-16/j24-decision-2026-08-08.md,marketing/seo/ahrefs/starter-2026-07-16/j24-decision-2026-08-08.md,2700,e605844b6083711663ab96b8a03f36dd34729b457c40fa2974beab954d7a7852
/Users/tanuki/.codex/worktrees/1cba/dreamer/marketing/seo/ahrefs/starter-2026-07-16/j24-evidence-2026-08-08.csv,marketing/seo/ahrefs/starter-2026-07-16/j24-evidence-2026-08-08.csv,672,3f9c81aa3b2a10367bac1f86c3cbcda8b35d1c6bb085fa998ca74e6c373d8c14
/Users/tanuki/.codex/worktrees/1cba/dreamer/marketing/seo/ahrefs/starter-2026-07-16/j25-evidence-register-2026-08-09.csv,marketing/seo/ahrefs/starter-2026-07-16/j25-evidence-register-2026-08-09.csv,1889,029b256f29698b797cd3d471370e9755336cccb5d382987658fce75a06aa0350
/Users/tanuki/.codex/worktrees/1cba/dreamer/marketing/seo/ahrefs/starter-2026-07-16/j25-master-reconciliation-2026-08-09.md,marketing/seo/ahrefs/starter-2026-07-16/j25-master-reconciliation-2026-08-09.md,8179,da651a91dbbc8603c61a961ba6429729c5afc98730651c0605faa3866301cd61
/Users/tanuki/.codex/worktrees/1cba/dreamer/marketing/seo/ahrefs/starter-2026-07-16/j26-competitive-gap-backlog-2026-08-10.csv,marketing/seo/ahrefs/starter-2026-07-16/j26-competitive-gap-backlog-2026-08-10.csv,4146,fbdd07c9ff47ce8d33d577a27ef47f71620316fd742835119086a6611ce7fea1
/Users/tanuki/.codex/worktrees/1cba/dreamer/marketing/seo/ahrefs/starter-2026-07-16/j26-competitive-keyword-gap-2026-08-10.md,marketing/seo/ahrefs/starter-2026-07-16/j26-competitive-keyword-gap-2026-08-10.md,8763,3177a73c4f15992ae4ffe440e000e6e39128695f8bc33d2e0b7035cf3491c094
/Users/tanuki/.codex/worktrees/1cba/dreamer/marketing/seo/ahrefs/starter-2026-07-16/j26-content-opportunity-backlog-2026-08-10.csv,marketing/seo/ahrefs/starter-2026-07-16/j26-content-opportunity-backlog-2026-08-10.csv,10306,26d5b752efd05f4c01d38685c61618c4b6f505a985a72421ac7e9c479a859124
/Users/tanuki/.codex/worktrees/1cba/dreamer/marketing/seo/ahrefs/starter-2026-07-16/j26-evidence-register-2026-08-10.csv,marketing/seo/ahrefs/starter-2026-07-16/j26-evidence-register-2026-08-10.csv,9803,23d0a57c0b14c301c7ef261daaf334912018a9c24fecc5c2f86346b5214a3b7a
/Users/tanuki/.codex/worktrees/1cba/dreamer/marketing/seo/ahrefs/starter-2026-07-16/j26-gsc-content-opportunities-2026-08-10.md,marketing/seo/ahrefs/starter-2026-07-16/j26-gsc-content-opportunities-2026-08-10.md,20658,3711696d1e984d34ec9f309f65ac66c7d6da72a7591fb036ff9ddec1164e2b8f
/Users/tanuki/.codex/worktrees/1cba/dreamer/marketing/seo/ahrefs/starter-2026-07-16/j26-j31-starter-utilization-plan-2026-08-10.md,marketing/seo/ahrefs/starter-2026-07-16/j26-j31-starter-utilization-plan-2026-08-10.md,11509,2e6dd853c49e046339392c694aacc5cc7e0bb6a299b5b7d1810a86ce81a22faf
/Users/tanuki/.codex/worktrees/1cba/dreamer/marketing/seo/ahrefs/starter-2026-07-16/j26-new-content-summary-2026-08-10.md,marketing/seo/ahrefs/starter-2026-07-16/j26-new-content-summary-2026-08-10.md,5160,a2ea5d85915b4c473cbe44a8c998fa9fefbffb9f9d8b24e9a7e85a5c338be0b8
/Users/tanuki/.codex/worktrees/1cba/dreamer/marketing/seo/ahrefs/starter-2026-07-16/j26-seo-takeover-live-reconciliation-2026-08-10.md,marketing/seo/ahrefs/starter-2026-07-16/j26-seo-takeover-live-reconciliation-2026-08-10.md,10937,c6cc8ad30773ca61d653c480be7e1ab4af699750e2c3b1baee82fca7f6629a8d
/Users/tanuki/.codex/worktrees/1cba/dreamer/marketing/seo/ahrefs/starter-2026-07-16/j26-starter-execution-2026-08-10.md,marketing/seo/ahrefs/starter-2026-07-16/j26-starter-execution-2026-08-10.md,17212,040a89882da32eb6b5766dc5dd46ea6056902e9aa7c0e6eab67def969d32c9d1
/Users/tanuki/.codex/worktrees/1cba/dreamer/marketing/seo/ahrefs/starter-2026-07-16/j27-content-validation-backlog-2026-08-11.csv,marketing/seo/ahrefs/starter-2026-07-16/j27-content-validation-backlog-2026-08-11.csv,2664,7235bdd01e5a74029425c2b391f6fa40dc139eb1a5744b0f5d45b39943900c46
/Users/tanuki/.codex/worktrees/1cba/dreamer/marketing/seo/ahrefs/starter-2026-07-16/j27-gsc-keyword-validation-2026-08-11.md,marketing/seo/ahrefs/starter-2026-07-16/j27-gsc-keyword-validation-2026-08-11.md,7249,972d5b58b2e5ff665b6c95e410f08f72608b9671a086158e08b8e0fc05c5963a
/Users/tanuki/.codex/worktrees/1cba/dreamer/marketing/seo/ahrefs/starter-2026-07-16/j27-misabueso-gsc-ownership-2026-08-11.md,marketing/seo/ahrefs/starter-2026-07-16/j27-misabueso-gsc-ownership-2026-08-11.md,5358,8c5d5e7e06864fb23f3b238283eaf74c8c083b0117d27539b956ee4ae4493e75
/Users/tanuki/.codex/worktrees/1cba/dreamer/marketing/seo/ahrefs/starter-2026-07-16/j27-misabueso-gsc-ownership-matrix-2026-08-11.csv,marketing/seo/ahrefs/starter-2026-07-16/j27-misabueso-gsc-ownership-matrix-2026-08-11.csv,2156,8011e3f2708b318af16fe426eea2a723cd90c1e7295595cdc495d1c0adfe648d
/Users/tanuki/.codex/worktrees/1cba/dreamer/marketing/seo/ahrefs/starter-2026-07-16/j27-ranking-expansion-2026-08-11.md,marketing/seo/ahrefs/starter-2026-07-16/j27-ranking-expansion-2026-08-11.md,9726,1e56b5f5771578c3cc0bad932f03803e8b1e7544dfebcccbea6ba47b1eb0a6ea
/Users/tanuki/.codex/worktrees/1cba/dreamer/marketing/seo/ahrefs/starter-2026-07-16/j27-ranking-expansion-backlog-2026-08-11.csv,marketing/seo/ahrefs/starter-2026-07-16/j27-ranking-expansion-backlog-2026-08-11.csv,9044,8623f6ca8837a6963434df94fdbfa595b2d3910d08b0707367c596c84c269cf6
/Users/tanuki/.codex/worktrees/1cba/dreamer/marketing/seo/ahrefs/starter-2026-07-16/j27-ranking-expansion-execution-2026-08-11.md,marketing/seo/ahrefs/starter-2026-07-16/j27-ranking-expansion-execution-2026-08-11.md,19044,c1aff949780600769cde81bbc90cbf776b9e151d71e9d65f058473ef4f72c497
/Users/tanuki/.codex/worktrees/1cba/dreamer/marketing/seo/ahrefs/starter-2026-07-16/j28-actionable-levers-execution-2026-08-12.md,marketing/seo/ahrefs/starter-2026-07-16/j28-actionable-levers-execution-2026-08-12.md,8036,ed739b0f330dc5063375a160c4b1c7040671c2beab50718fe2e502dc6f1e982a
/Users/tanuki/.codex/worktrees/1cba/dreamer/marketing/seo/ahrefs/starter-2026-07-16/j28-gsc-indexation-triage-2026-08-12.md,marketing/seo/ahrefs/starter-2026-07-16/j28-gsc-indexation-triage-2026-08-12.md,4999,106c469a5a79217d89f7e9cc0ae3134039df50d4623bae7c163a455475c5d889
/Users/tanuki/.codex/worktrees/1cba/dreamer/marketing/seo/ahrefs/starter-2026-07-16/j29-authority-recovery-2026-08-13.md,marketing/seo/ahrefs/starter-2026-07-16/j29-authority-recovery-2026-08-13.md,6514,c48c70510fcb7e8bae00986d1542f302deab003841462f04fad555ae0dbde557
/Users/tanuki/.codex/worktrees/1cba/dreamer/marketing/seo/ahrefs/starter-2026-07-16/j29-gsc-ahrefs-cluster-backlog-2026-08-13.csv,marketing/seo/ahrefs/starter-2026-07-16/j29-gsc-ahrefs-cluster-backlog-2026-08-13.csv,2003,cbee7879e2b2b51ed2cd0ea42667c309377282ed26a7ab76165d313a0769d0a5
/Users/tanuki/.codex/worktrees/1cba/dreamer/marketing/seo/ahrefs/starter-2026-07-16/j29-gsc-ahrefs-cluster-validation-2026-08-13.md,marketing/seo/ahrefs/starter-2026-07-16/j29-gsc-ahrefs-cluster-validation-2026-08-13.md,7302,fecf98df078c0e6079fa9008f6121b97cf4e57b58350fcd91f6ed5e43374b17d
/Users/tanuki/.codex/worktrees/1cba/dreamer/marketing/seo/ahrefs/starter-2026-07-16/j29-j31-cemetery-implementation-brief-2026-08-13.md,marketing/seo/ahrefs/starter-2026-07-16/j29-j31-cemetery-implementation-brief-2026-08-13.md,16270,30d8102d405ffdd2fb4d36f058138040a85772d74df6fcb6001b8b2936fc1236
/Users/tanuki/.codex/worktrees/1cba/dreamer/marketing/seo/ahrefs/starter-2026-07-16/j32-catch-up-2026-08-16.md,marketing/seo/ahrefs/starter-2026-07-16/j32-catch-up-2026-08-16.md,6000,894575a797e03a4a3f689420b2d5a98ff5736505f8f216ece297ab13e9032826
/Users/tanuki/.codex/worktrees/1cba/dreamer/marketing/seo/ahrefs/starter-2026-07-16/j34-execution-2026-08-18.md,marketing/seo/ahrefs/starter-2026-07-16/j34-execution-2026-08-18.md,4268,b70d76d01db65b342a314802bc2ffa84f0e6b1f95b9f2e4cba7fad5eb1cff38a
/Users/tanuki/.codex/worktrees/1cba/dreamer/marketing/seo/ahrefs/starter-2026-07-16/j35-exact-query-matching-2026-08-18.md,marketing/seo/ahrefs/starter-2026-07-16/j35-exact-query-matching-2026-08-18.md,6329,b1b28fcbbe1964bdf76ab0e168399f397daa19bfb3e34b8c334070f12f7ec661
/Users/tanuki/.codex/worktrees/1cba/dreamer/marketing/seo/ahrefs/starter-2026-07-16/j36-bread-implementation-brief-2026-08-20.md,marketing/seo/ahrefs/starter-2026-07-16/j36-bread-implementation-brief-2026-08-20.md,3055,4ea928718b1a33cab05d5040760887822ec1ab53232926dcf7d076629dfd6850
/Users/tanuki/.codex/worktrees/1cba/dreamer/marketing/seo/ahrefs/starter-2026-07-16/j36-execution-2026-08-20.md,marketing/seo/ahrefs/starter-2026-07-16/j36-execution-2026-08-20.md,7349,a90057c9b5d5513848c144318e9cb40d68fd9caf11b1d6f2595e814a9cb105a0
/Users/tanuki/.codex/worktrees/1cba/dreamer/marketing/seo/ahrefs/starter-2026-07-16/j36-plan-2026-08-20.md,marketing/seo/ahrefs/starter-2026-07-16/j36-plan-2026-08-20.md,6403,e6ea2ec42c447b1023d3350be6ca5b7d40f421e719deecbb9a8f832309f9d665
/Users/tanuki/.codex/worktrees/1cba/dreamer/marketing/seo/ahrefs/starter-2026-07-16/j37-execution-2026-08-21.md,marketing/seo/ahrefs/starter-2026-07-16/j37-execution-2026-08-21.md,8841,66f6cc9a32f20ebaa1e30af015fed21a846013e68970b6b2ddff4576a5f7419e
/Users/tanuki/.codex/worktrees/1cba/dreamer/marketing/seo/ahrefs/starter-2026-07-16/j37-plan-2026-08-21.md,marketing/seo/ahrefs/starter-2026-07-16/j37-plan-2026-08-21.md,7809,99636bb72ed1957d7fa2242aa0a248f4eb9402a2433470514e337a8c0f4dab8a
/Users/tanuki/.codex/worktrees/1cba/dreamer/marketing/seo/ahrefs/starter-2026-07-16/j38-execution-2026-08-22.md,marketing/seo/ahrefs/starter-2026-07-16/j38-execution-2026-08-22.md,8574,d37bf131664b6a02c411b927b907590d96e0e5d795ad987b9bea2f60e16699f6
/Users/tanuki/.codex/worktrees/1cba/dreamer/marketing/seo/ahrefs/starter-2026-07-16/j38-plan-2026-08-22.md,marketing/seo/ahrefs/starter-2026-07-16/j38-plan-2026-08-22.md,13147,fa4577bb01fdcb05896d69842b96e22cb18760d1d17f85b07e070d03abecfb3d
/Users/tanuki/.codex/worktrees/1cba/dreamer/marketing/seo/ahrefs/starter-2026-07-16/j39-p0-p1-execution-2026-08-23.md,marketing/seo/ahrefs/starter-2026-07-16/j39-p0-p1-execution-2026-08-23.md,3100,58350188b5b11677bfcd1172908c6e31555228e3536ede1fb1a2476ff7642f29
/Users/tanuki/.codex/worktrees/1cba/dreamer/marketing/seo/ahrefs/starter-2026-07-16/j40-execution-2026-08-24.md,marketing/seo/ahrefs/starter-2026-07-16/j40-execution-2026-08-24.md,6055,414cd062bb1d6180dccae17b93526f53980ff1467106259854a86aea5aabc7bb
/Users/tanuki/.codex/worktrees/1cba/dreamer/marketing/seo/ahrefs/starter-2026-07-16/j41-precognitive-evidence-refresh-2026-08-25.md,marketing/seo/ahrefs/starter-2026-07-16/j41-precognitive-evidence-refresh-2026-08-25.md,5178,e580fab22da13599d2d6ec2794cee5e68f837767a32c4d810aaddd71de08d486
/Users/tanuki/.codex/worktrees/1cba/dreamer/marketing/seo/ahrefs/starter-2026-07-16/j42-flying-dreams-evidence-refresh-2026-08-26.md,marketing/seo/ahrefs/starter-2026-07-16/j42-flying-dreams-evidence-refresh-2026-08-26.md,5737,bfd1e68e4f81e379bf1a55a6fa62941688d35b7af4089494669084ccc486706c
/Users/tanuki/.codex/worktrees/1cba/dreamer/marketing/seo/ahrefs/starter-2026-07-16/j43-ocean-owner-alignment-2026-08-27.md,marketing/seo/ahrefs/starter-2026-07-16/j43-ocean-owner-alignment-2026-08-27.md,4203,fcaf29af218cb9a15132f4c927cf262843642bfb8e0bb12262e9aaaf6430c344
/Users/tanuki/.codex/worktrees/1cba/dreamer/marketing/seo/ahrefs/starter-2026-07-16/j44-fire-owner-alignment-2026-08-28.md,marketing/seo/ahrefs/starter-2026-07-16/j44-fire-owner-alignment-2026-08-28.md,5270,9317e6cb13f3029cf4cfa0a50d26c94be5c81705d183eca229369d6de897af31
/Users/tanuki/.codex/worktrees/1cba/dreamer/marketing/seo/ahrefs/starter-2026-07-16/j46-ahrefs-micro-gate-2026-09-01.md,marketing/seo/ahrefs/starter-2026-07-16/j46-ahrefs-micro-gate-2026-09-01.md,3420,c9c6ed1f32df314ca6a745579c8c67816f6677d2790b3712d9e7af03999992a3
/Users/tanuki/.codex/worktrees/1cba/dreamer/marketing/seo/ahrefs/starter-2026-07-16/j46-implementation-review-2026-08-30.md,marketing/seo/ahrefs/starter-2026-07-16/j46-implementation-review-2026-08-30.md,4573,19ca827c412d211cc5ee37f7076f11f2f478a82b02dbaf0f57a39f89e31b2ddf
/Users/tanuki/.codex/worktrees/1cba/dreamer/marketing/seo/ahrefs/starter-2026-07-16/j46-plan-2026-08-30.md,marketing/seo/ahrefs/starter-2026-07-16/j46-plan-2026-08-30.md,8241,f407d1c6fc2bddb5b1ad7a5e95ce5be2ef037e1416eeaf706c32d7cc45141174
/Users/tanuki/.codex/worktrees/1cba/dreamer/marketing/seo/ahrefs/starter-2026-07-16/j46-two-seo-article-briefs-2026-08-30.md,marketing/seo/ahrefs/starter-2026-07-16/j46-two-seo-article-briefs-2026-08-30.md,8589,efd4dad3866858a1cadc74a833906709021b142a193d36ddc08a7cd117e99f8d
/Users/tanuki/.codex/worktrees/1cba/dreamer/marketing/seo/ahrefs/starter-2026-07-16/j47-j49-plan-2026-09-01.md,marketing/seo/ahrefs/starter-2026-07-16/j47-j49-plan-2026-09-01.md,7741,da4ef211df4a25647219dd74547edbc23c9dd0c3c63561fd4b7b76c5a9d51217
/Users/tanuki/.codex/worktrees/1cba/dreamer/marketing/seo/ahrefs/starter-2026-07-16/j47-stress-dreams-work-local-2026-09-01.md,marketing/seo/ahrefs/starter-2026-07-16/j47-stress-dreams-work-local-2026-09-01.md,3391,bffa87fb1d6a1af3bc935c96ba67f93c369db884dfea7ac11f2ea225f9df615d
/Users/tanuki/.codex/worktrees/1cba/dreamer/marketing/seo/ahrefs/starter-2026-07-16/rank-tracker-portfolio-50-2026-07-16.csv,marketing/seo/ahrefs/starter-2026-07-16/rank-tracker-portfolio-50-2026-07-16.csv,7920,dea5af002e60dfa4d3d0f2f0d6bb06c887049830235da00ceb4255e26d60d0fc
/Users/tanuki/.codex/worktrees/1cba/dreamer/marketing/seo/ahrefs/starter-2026-07-16/rank-tracker-target-map-2026-08-01.csv,marketing/seo/ahrefs/starter-2026-07-16/rank-tracker-target-map-2026-08-01.csv,2649,d5ccd8934628c7040804572a0ee38e89a2ad84771545af6e67267031907a7b74
/Users/tanuki/.codex/worktrees/1cba/dreamer/marketing/seo/authority-action-pack-2026-07-10.md,marketing/seo/authority-action-pack-2026-07-10.md,9755,53e0fdb65db0e991831cb9a3e3b56e7649de56a375df8e96a5f1c7f0fe5b23b7
/Users/tanuki/.codex/worktrees/1cba/dreamer/marketing/seo/backlink-approval-batch-d1-d2-2026-08-09.md,marketing/seo/backlink-approval-batch-d1-d2-2026-08-09.md,2770,6198d866dcc077da6d4d4edc3fd37ef0b31e7ae45c69b12acfaf5813a7f55d04
/Users/tanuki/.codex/worktrees/1cba/dreamer/marketing/seo/backlink-authorization-pack-d11-2026-08-14.md,marketing/seo/backlink-authorization-pack-d11-2026-08-14.md,4276,903ebc990a6620f247a9c0c3f85f6571b068770f09952c9a4c6a1d20addfbc01
/Users/tanuki/.codex/worktrees/1cba/dreamer/marketing/seo/backlink-authorization-pack-d12-2026-08-14.md,marketing/seo/backlink-authorization-pack-d12-2026-08-14.md,3138,833bbd2050c799f05a18ec5483d2c7964e0a0f5b1612f92e59a5dd9231ea7d20
/Users/tanuki/.codex/worktrees/1cba/dreamer/marketing/seo/backlink-authorization-pack-d13-2026-08-14.md,marketing/seo/backlink-authorization-pack-d13-2026-08-14.md,3229,9c29044e630c843153b1d7a9b7ff69aef2ea977a34453abcce2e1614a4715e7f
/Users/tanuki/.codex/worktrees/1cba/dreamer/marketing/seo/backlink-authorization-pack-d14-2026-08-14.md,marketing/seo/backlink-authorization-pack-d14-2026-08-14.md,3165,d223c50cc38407d41d8c56f1d6eb2a775caa570ec04df2fceb6c1d50a6e90bba
/Users/tanuki/.codex/worktrees/1cba/dreamer/marketing/seo/backlink-authorization-pack-d15-d16-2026-08-14.md,marketing/seo/backlink-authorization-pack-d15-d16-2026-08-14.md,3403,a24b3a4b5f2438f1e23b22ea9d7d501a009ecf2de0bf7a0d7a155df304032d43
/Users/tanuki/.codex/worktrees/1cba/dreamer/marketing/seo/backlink-authorization-pack-d17-2026-08-14.md,marketing/seo/backlink-authorization-pack-d17-2026-08-14.md,2380,af48b6e97676b8191cb78809bddf86baf3813b07fb30a87efc39a7811e51924d
/Users/tanuki/.codex/worktrees/1cba/dreamer/marketing/seo/backlink-authorization-pack-d2-d5-2026-08-13.md,marketing/seo/backlink-authorization-pack-d2-d5-2026-08-13.md,3003,1a65a4116f7fec129328c0359d56f46318379a5c33d66ddda7b17e20df902cc7
/Users/tanuki/.codex/worktrees/1cba/dreamer/marketing/seo/backlink-authorization-pack-d7-2026-08-13.md,marketing/seo/backlink-authorization-pack-d7-2026-08-13.md,5144,062e3db1d8a2ba439c9572aea48a5d1b90fb2e7ccaabf9643edefdb685d72a86
/Users/tanuki/.codex/worktrees/1cba/dreamer/marketing/seo/backlink-dealroom-simone-ready-2026-08-10.md,marketing/seo/backlink-dealroom-simone-ready-2026-08-10.md,4603,31cb59970e4f10f3e467fb62c3c1af68c1e51164ae48882c133ba96ea4ae943a
/Users/tanuki/.codex/worktrees/1cba/dreamer/marketing/seo/backlink-dr-followup-wave-37-2026-08-10.md,marketing/seo/backlink-dr-followup-wave-37-2026-08-10.md,7492,e2a910283d1089c4baf74ded5b16a82be5289587deccf7673ad258b0fa3acbd0
/Users/tanuki/.codex/worktrees/1cba/dreamer/marketing/seo/backlink-dr-priority-refresh-2026-08-09.md,marketing/seo/backlink-dr-priority-refresh-2026-08-09.md,3511,88b674a2b6deacbbe308278aca6cd6e948124f2685e2a287700bb1fa48620fc5
/Users/tanuki/.codex/worktrees/1cba/dreamer/marketing/seo/backlink-execution-decision-board-2026-08-09.md,marketing/seo/backlink-execution-decision-board-2026-08-09.md,67254,cc60c22557d82b65926b7723894a566aa9e1cf1c444a4545f6089130b317cddc
/Users/tanuki/.codex/worktrees/1cba/dreamer/marketing/seo/backlink-follow-up-stop-check-2026-08-09.md,marketing/seo/backlink-follow-up-stop-check-2026-08-09.md,12884,5ca031eb2464f866eaee71c4b2fad5c34dac54582b8d2be15e055d5382259d5a
/Users/tanuki/.codex/worktrees/1cba/dreamer/marketing/seo/backlink-follow-up-wave-1-2026-08-05.md,marketing/seo/backlink-follow-up-wave-1-2026-08-05.md,7084,98351fea699cae6520fc5ee1dd73cd628664c352640b18549c09ddd2aae0d043
/Users/tanuki/.codex/worktrees/1cba/dreamer/marketing/seo/backlink-follow-up-wave-2-2026-08-08.md,marketing/seo/backlink-follow-up-wave-2-2026-08-08.md,7358,455714300d302827495627b32532cc385ca46dd59f436b3c23b30e8466fedde0
/Users/tanuki/.codex/worktrees/1cba/dreamer/marketing/seo/backlink-follow-up-wave-3-2026-08-09.md,marketing/seo/backlink-follow-up-wave-3-2026-08-09.md,1963,81d4ae7edea70e6851920f80caf75372324df19c6ea12a6011f8ef990b715192
/Users/tanuki/.codex/worktrees/1cba/dreamer/marketing/seo/backlink-follow-up-wave-4-2026-08-09.md,marketing/seo/backlink-follow-up-wave-4-2026-08-09.md,1724,60ccca47328607da902d1f17ca6d12f2f87fd4d088e9d64427e1c382b2d19fe7
/Users/tanuki/.codex/worktrees/1cba/dreamer/marketing/seo/backlink-follow-up-wave-5-2026-08-09.md,marketing/seo/backlink-follow-up-wave-5-2026-08-09.md,3007,0d935c1bf566b98873a27a629bc522406135b2ff5c1f63b778efced77aa9198c
/Users/tanuki/.codex/worktrees/1cba/dreamer/marketing/seo/backlink-follow-up-zimbra-ready-2026-08-09.md,marketing/seo/backlink-follow-up-zimbra-ready-2026-08-09.md,12296,1e06bcb15d04bc25d9be7df2cd5b5d82b4ae8f202486486d62047af08128d71d
/Users/tanuki/.codex/worktrees/1cba/dreamer/marketing/seo/backlink-german-editorial-ready-2026-08-10.md,marketing/seo/backlink-german-editorial-ready-2026-08-10.md,4477,1de20e5537bb42254b4f0a19149c5ec146e100a4621771bae5770619a11b98db
/Users/tanuki/.codex/worktrees/1cba/dreamer/marketing/seo/backlink-linkable-asset-refresh-2026-08-10.md,marketing/seo/backlink-linkable-asset-refresh-2026-08-10.md,2204,c2d6fe7287ef0129163bd381ac7b9ea40b74f23d2171af453580d8efc82d98fe
/Users/tanuki/.codex/worktrees/1cba/dreamer/marketing/seo/backlink-measurement-check-2026-08-03-1415.md,marketing/seo/backlink-measurement-check-2026-08-03-1415.md,1294,d6b5893b79e13769f996b8c077ef16947fb3353f6f196b7642a7235f025a6530
/Users/tanuki/.codex/worktrees/1cba/dreamer/marketing/seo/backlink-measurement-check-2026-08-03-2112.md,marketing/seo/backlink-measurement-check-2026-08-03-2112.md,1507,29f50145c87cb32c5b406ace514b163e03b73c18bf1c66c8e15ec72a4ae218d6
/Users/tanuki/.codex/worktrees/1cba/dreamer/marketing/seo/backlink-measurement-check-2026-08-03-2150.md,marketing/seo/backlink-measurement-check-2026-08-03-2150.md,2167,a88614f35680290d10bdb22b91bb853dc18b24467da1fad119b1581ca8e62d72
/Users/tanuki/.codex/worktrees/1cba/dreamer/marketing/seo/backlink-measurement-check-2026-08-03-2212.md,marketing/seo/backlink-measurement-check-2026-08-03-2212.md,2291,848a55d02bf3c65efd0c574d4e3bfb00aac69dc301a40bade139e87a864197b2
/Users/tanuki/.codex/worktrees/1cba/dreamer/marketing/seo/backlink-measurement-check-2026-08-03-2355.md,marketing/seo/backlink-measurement-check-2026-08-03-2355.md,2616,c4a9d18f4131a0c513d23b6c448603ea85337c336db63078e7ca1d6682e7ae1b
/Users/tanuki/.codex/worktrees/1cba/dreamer/marketing/seo/backlink-measurement-check-2026-08-04-1650.md,marketing/seo/backlink-measurement-check-2026-08-04-1650.md,1671,0f9586ec02e281d703f828de729be7f68bd1b64309c10b7e02ce943c0ec183be
/Users/tanuki/.codex/worktrees/1cba/dreamer/marketing/seo/backlink-measurement-check-2026-08-04-1721.md,marketing/seo/backlink-measurement-check-2026-08-04-1721.md,854,6929b00764a8776ed4322e9fd87503b0056f6468b96fe9e4d5655d2bab93b3a3
/Users/tanuki/.codex/worktrees/1cba/dreamer/marketing/seo/backlink-measurement-check-2026-08-04-1822.md,marketing/seo/backlink-measurement-check-2026-08-04-1822.md,1037,a92e333a3adca0892d098d23bb93ae5e46db6f4ac9ddd0ccbbae58a4ae671d50
/Users/tanuki/.codex/worktrees/1cba/dreamer/marketing/seo/backlink-measurement-check-2026-08-09-1512.md,marketing/seo/backlink-measurement-check-2026-08-09-1512.md,2475,7992c5e6a0aed5a2082ea15f89fc233c239d47d51b3cb393d7f083676d27b7fe
/Users/tanuki/.codex/worktrees/1cba/dreamer/marketing/seo/backlink-measurement-check-2026-08-09-1558.md,marketing/seo/backlink-measurement-check-2026-08-09-1558.md,2195,9b7197e4f763f353a239051d65243b95891d2185036613ef12019424f7fb11e4
/Users/tanuki/.codex/worktrees/1cba/dreamer/marketing/seo/backlink-measurement-check-2026-08-10-0019.md,marketing/seo/backlink-measurement-check-2026-08-10-0019.md,3679,fdcc28825cf6025c6ad7accfa3929293ad851c0a252cb9b7a99c2e3422aa5df3
/Users/tanuki/.codex/worktrees/1cba/dreamer/marketing/seo/backlink-measurement-check-2026-08-10-0233.md,marketing/seo/backlink-measurement-check-2026-08-10-0233.md,3270,adad93c1371d34779692a240e5638ab87c303e651d2bc02844c6d6b63c2569a0
/Users/tanuki/.codex/worktrees/1cba/dreamer/marketing/seo/backlink-measurement-check-2026-08-10-2230.md,marketing/seo/backlink-measurement-check-2026-08-10-2230.md,2248,f7589307cd2991b8bf975b2977e0367db3c302de479d9859a072a8e38253e04c
/Users/tanuki/.codex/worktrees/1cba/dreamer/marketing/seo/backlink-measurement-check-2026-08-10-2251.md,marketing/seo/backlink-measurement-check-2026-08-10-2251.md,1490,5d4f28133e7eba309bb70fe98ae0c02f7e627b7e8b05a53ac2fd20b0bc2de662
/Users/tanuki/.codex/worktrees/1cba/dreamer/marketing/seo/backlink-measurement-check-2026-08-13-0049.md,marketing/seo/backlink-measurement-check-2026-08-13-0049.md,2982,fc210cff50b37d5a886f36c157fab92ab25e0de7d38369db23a742b721ab6e31
/Users/tanuki/.codex/worktrees/1cba/dreamer/marketing/seo/backlink-measurement-check-2026-08-14-0409.md,marketing/seo/backlink-measurement-check-2026-08-14-0409.md,3843,80f65c27f4743fcb55e66dca99b2789c637ef369af503093d4131cea04d2ed5c
/Users/tanuki/.codex/worktrees/1cba/dreamer/marketing/seo/backlink-measurements-2026.csv,marketing/seo/backlink-measurements-2026.csv,13289,e24418838d7004e5f60b9999e6d818dfe281da1fe5f6d67ae68ba7d9c9963fc8
/Users/tanuki/.codex/worktrees/1cba/dreamer/marketing/seo/backlink-next-authorization-lot-2026-08-14.md,marketing/seo/backlink-next-authorization-lot-2026-08-14.md,3944,62e4af67e9ff8e034bd774436f2562ef331bc3829434510238b8bd9cf9482045
/Users/tanuki/.codex/worktrees/1cba/dreamer/marketing/seo/backlink-outcome-monitor-wave-52-2026-08-13.md,marketing/seo/backlink-outcome-monitor-wave-52-2026-08-13.md,3178,1bc9f7462dcaaa6b96ede7497cc06bf26e4697d85a86f8813949c3202939bfa5
/Users/tanuki/.codex/worktrees/1cba/dreamer/marketing/seo/backlink-outreach-log-2026-07-31.csv,marketing/seo/backlink-outreach-log-2026-07-31.csv,38499,51f62f243802c806f26ce7a4cc750cf55776a212655c319eb3edc81a4a211c29
/Users/tanuki/.codex/worktrees/1cba/dreamer/marketing/seo/backlink-outreach-wave-1-2026-07-31.md,marketing/seo/backlink-outreach-wave-1-2026-07-31.md,76121,43dde9f6568d2e603eb286397e0a50c2dbc4772b3e33ada09abddc3bd7ad85b8
/Users/tanuki/.codex/worktrees/1cba/dreamer/marketing/seo/backlink-outreach-wave-2-professional-mailbox-2026-08-03.md,marketing/seo/backlink-outreach-wave-2-professional-mailbox-2026-08-03.md,6907,fc3efba52cea83bcef5967ed4e31728508dbb10216677adccdca9511baba506b
/Users/tanuki/.codex/worktrees/1cba/dreamer/marketing/seo/backlink-outreach-wave-3-scheduled-2026-08-03.md,marketing/seo/backlink-outreach-wave-3-scheduled-2026-08-03.md,8468,0a788aab3aecaeb9d81795da53fb4270952abfb197822c01eddc28a921306a1b
/Users/tanuki/.codex/worktrees/1cba/dreamer/marketing/seo/backlink-prospects-2026-07-31.csv,marketing/seo/backlink-prospects-2026-07-31.csv,285393,4e541a21f3c5c6fa4018f53b539e04384e705f82abac65e7b8844b4bbc879820
/Users/tanuki/.codex/worktrees/1cba/dreamer/marketing/seo/backlink-public-asset-deployment-check-2026-08-04.md,marketing/seo/backlink-public-asset-deployment-check-2026-08-04.md,3427,38248b1e2c51ca0ddf391ebd32ae37a9f1cabb21c34ce247f3915dcffc8ef30e
/Users/tanuki/.codex/worktrees/1cba/dreamer/marketing/seo/backlink-public-citation-check-2026-08-04-1726.md,marketing/seo/backlink-public-citation-check-2026-08-04-1726.md,1043,1d25e6bc1c921a0fe0d05d7bcdae7d878385f7eeb122a32176edfbd9af6fe207
/Users/tanuki/.codex/worktrees/1cba/dreamer/marketing/seo/backlink-readiness-d2-d5-2026-08-10.md,marketing/seo/backlink-readiness-d2-d5-2026-08-10.md,4951,c499627f67e27a1a448091b2585038edd5cd7474359a02fe569dd8124d07185e
/Users/tanuki/.codex/worktrees/1cba/dreamer/marketing/seo/backlink-results-2026-07-31.csv,marketing/seo/backlink-results-2026-07-31.csv,11354,6d96420967348d7418bdf6160f2f1bfbecfe2a875d6109ec37bd785fe1cb7c32
/Users/tanuki/.codex/worktrees/1cba/dreamer/marketing/seo/backlink-spanish-radio-ready-2026-08-10.md,marketing/seo/backlink-spanish-radio-ready-2026-08-10.md,3745,4bdbeb92d2f26b177ad66621f6b12fe290687571f98391996f1aa358dfdc9513
/Users/tanuki/.codex/worktrees/1cba/dreamer/marketing/seo/backlink-sprint-2026-07-31.md,marketing/seo/backlink-sprint-2026-07-31.md,205653,b1df576c244d20dd883c81a7273a2ea700f6e2f3a9ad639b835b86de44a6b912
/Users/tanuki/.codex/worktrees/1cba/dreamer/marketing/seo/brand-mention-reclamation-marikapech-2026-08-09.md,marketing/seo/brand-mention-reclamation-marikapech-2026-08-09.md,10006,49fa93b6377fcd72aac20920be4016afee8b71821314d5b9b9ae18c55bc6a307
/Users/tanuki/.codex/worktrees/1cba/dreamer/marketing/seo/competitor-citation-gap-wave-40-2026-08-10.md,marketing/seo/competitor-citation-gap-wave-40-2026-08-10.md,4914,883f3716d59df24e533408acc27a7cf6bdeedf2966b53c419d9c0104ffb8994a
/Users/tanuki/.codex/worktrees/1cba/dreamer/marketing/seo/competitor-citation-gap-wave-41-2026-08-10.md,marketing/seo/competitor-citation-gap-wave-41-2026-08-10.md,3416,87f426a64f2d9670a5b039625a79bae5a382e31584d6ca293c784ef65f3ccfd3
/Users/tanuki/.codex/worktrees/1cba/dreamer/marketing/seo/competitor-citation-gap-wave-42-2026-08-10.md,marketing/seo/competitor-citation-gap-wave-42-2026-08-10.md,4166,740dba22b398994aef23ba0dd0dfb1b127b00ccbe48f481a0d23e93161b3a7da
/Users/tanuki/.codex/worktrees/1cba/dreamer/marketing/seo/competitor-citation-gap-wave-43-2026-08-10.md,marketing/seo/competitor-citation-gap-wave-43-2026-08-10.md,5672,049784f359dadd056cf913e683fb06c213bd7fd324535b37818db7b96f20d392
/Users/tanuki/.codex/worktrees/1cba/dreamer/marketing/seo/competitor-citation-gap-wave-44-2026-08-10.md,marketing/seo/competitor-citation-gap-wave-44-2026-08-10.md,6862,baba546e629f9d630019d3f9c4db55ddeb5b2d055394217afb774a23a2008752
/Users/tanuki/.codex/worktrees/1cba/dreamer/marketing/seo/directory-submission-pack-wave-2-2026-07-31.md,marketing/seo/directory-submission-pack-wave-2-2026-07-31.md,9843,b9956a2f1ba2990aaeb369fc2a1a2aedb4594ee2d6fcb7aab4e21ef9899efaa0
/Users/tanuki/.codex/worktrees/1cba/dreamer/marketing/seo/directory-submission-pack-wave-3-ai-2026-07-31.md,marketing/seo/directory-submission-pack-wave-3-ai-2026-07-31.md,5301,706a59533969762abd0ea9afb04aac09e127da15e83e43cb03ef58d9c7b27266
/Users/tanuki/.codex/worktrees/1cba/dreamer/marketing/seo/directory-submission-pack-wave-4-entities-design-2026-08-02.md,marketing/seo/directory-submission-pack-wave-4-entities-design-2026-08-02.md,10485,308cd577b7be0764e25136c81adba75f2f0a05580402948062205be3b12c66bb
/Users/tanuki/.codex/worktrees/1cba/dreamer/marketing/seo/directory-submission-pack-wave-5-verified-free-2026-08-02.md,marketing/seo/directory-submission-pack-wave-5-verified-free-2026-08-02.md,5137,50e23b0eeb25d8f2ceb50b0fd8a3bc9a70b996cf85ab2792c6bd1995f480b52e
/Users/tanuki/.codex/worktrees/1cba/dreamer/marketing/seo/doi-deposit-2026-08-09/README.md,marketing/seo/doi-deposit-2026-08-09/README.md,4156,1d6e0f5b7108c53ab1097f111673d284f359be32e01436d534915e85f8ba6ebb
/Users/tanuki/.codex/worktrees/1cba/dreamer/marketing/seo/doi-deposit-2026-08-09/SHA256SUMS.txt,marketing/seo/doi-deposit-2026-08-09/SHA256SUMS.txt,105,f90b2f25098857ee83b3327ba61285acb602a6419be92612d468284e9a75a539
/Users/tanuki/.codex/worktrees/1cba/dreamer/marketing/seo/doi-deposit-2026-08-09/deposit-dossier.md,marketing/seo/doi-deposit-2026-08-09/deposit-dossier.md,4166,fa57f4a7a539861e1f074cc88a6ce345d72abb5d931d78295d647113b95d420f
/Users/tanuki/.codex/worktrees/1cba/dreamer/marketing/seo/doi-deposit-2026-08-09/dream-journal-apps-comparison-2026.csv,marketing/seo/doi-deposit-2026-08-09/dream-journal-apps-comparison-2026.csv,3463,c5fc652cf6af20184fc6e5c3c3d3e96ba506c69cb229516301af1380892ff28e
/Users/tanuki/.codex/worktrees/1cba/dreamer/marketing/seo/dream-journal-ultimate-alternative-asset-2026-08-09.md,marketing/seo/dream-journal-ultimate-alternative-asset-2026-08-09.md,3039,ab3a2f08e0af1bf211acd77126ac1d29a70ed5556cc11bba8e034eebd4227226
/Users/tanuki/.codex/worktrees/1cba/dreamer/marketing/seo/dreamkit-alternative-asset-2026-08-09.md,marketing/seo/dreamkit-alternative-asset-2026-08-09.md,3400,1f8db7e32a16c59e6d826fb0f90f3f76ab428ea887656ef0ee95edfa3b5e12d1
/Users/tanuki/.codex/worktrees/1cba/dreamer/marketing/seo/earned-media-and-launch-platform-wave-2026-08-09.md,marketing/seo/earned-media-and-launch-platform-wave-2026-08-09.md,4386,1770e5debbc9432735ea30092ee5934a99c3b8232158814a26cafedd491fd9fe
/Users/tanuki/.codex/worktrees/1cba/dreamer/marketing/seo/editorial-discovery-wave-10-2026-08-03.md,marketing/seo/editorial-discovery-wave-10-2026-08-03.md,3411,c1e66f6f294c3a6d6c46645b8fc003f834cc8c16ed875bdca9db0e896b73a7e2
/Users/tanuki/.codex/worktrees/1cba/dreamer/marketing/seo/editorial-discovery-wave-11-2026-08-03.md,marketing/seo/editorial-discovery-wave-11-2026-08-03.md,2986,0ecb562d4d7d1edc559ed70da690117e3ebdf56ead6de3799d02adc64f352e63
/Users/tanuki/.codex/worktrees/1cba/dreamer/marketing/seo/editorial-discovery-wave-12-2026-08-03.md,marketing/seo/editorial-discovery-wave-12-2026-08-03.md,3453,8cd4851e3af6402668a35f631c0e604885a1c3d74bee9d1100f79503f51f470f
/Users/tanuki/.codex/worktrees/1cba/dreamer/marketing/seo/editorial-discovery-wave-13-2026-08-03.md,marketing/seo/editorial-discovery-wave-13-2026-08-03.md,2111,d934324c13f02856cd3ede42621830db7f3dda0ff721f8c3962e47c49a02f728
/Users/tanuki/.codex/worktrees/1cba/dreamer/marketing/seo/editorial-discovery-wave-14-2026-08-03.md,marketing/seo/editorial-discovery-wave-14-2026-08-03.md,3411,11a335d54d7b64cc4ebd1f5e2adc2e9d0199e3b48b3b968a440912a4793cc046
/Users/tanuki/.codex/worktrees/1cba/dreamer/marketing/seo/editorial-discovery-wave-15-2026-08-03.md,marketing/seo/editorial-discovery-wave-15-2026-08-03.md,5500,740b3f8b3ffa4efd034cd2c930417ae001cff26764f280b2456a9c530bdf758c
/Users/tanuki/.codex/worktrees/1cba/dreamer/marketing/seo/editorial-discovery-wave-16-2026-08-03.md,marketing/seo/editorial-discovery-wave-16-2026-08-03.md,5622,a0a1f06d0f8446697e26d8f1b7df86616ab5e0b17de7ff4d1824fbe7598bbbf5
/Users/tanuki/.codex/worktrees/1cba/dreamer/marketing/seo/editorial-discovery-wave-17-2026-08-03.md,marketing/seo/editorial-discovery-wave-17-2026-08-03.md,2170,ab5ac89a0a5324bf2850e001da5c6a38e6ad4833e44ca05eda09f4db8a7bef07
/Users/tanuki/.codex/worktrees/1cba/dreamer/marketing/seo/editorial-discovery-wave-18-2026-08-03.md,marketing/seo/editorial-discovery-wave-18-2026-08-03.md,2110,0c06249c5e184a4d627e1459d95d5f485eabf3a906db68de4c2c856c23dc202c
/Users/tanuki/.codex/worktrees/1cba/dreamer/marketing/seo/editorial-discovery-wave-19-2026-08-03.md,marketing/seo/editorial-discovery-wave-19-2026-08-03.md,1815,ed4c9dc051b5dda5183af39124b3d2c63483540ecccc4f80f450ab8c74633afa
/Users/tanuki/.codex/worktrees/1cba/dreamer/marketing/seo/editorial-discovery-wave-20-2026-08-03.md,marketing/seo/editorial-discovery-wave-20-2026-08-03.md,1640,f3e030164842a2f771798c7c521e7c7dee48291e00c847a857ec8bb694f6c331
/Users/tanuki/.codex/worktrees/1cba/dreamer/marketing/seo/editorial-discovery-wave-21-2026-08-03.md,marketing/seo/editorial-discovery-wave-21-2026-08-03.md,4423,3292bde5fd217496dffd0444b385f3c7dbbe34e073c195129df4ef2e62c74758
/Users/tanuki/.codex/worktrees/1cba/dreamer/marketing/seo/editorial-discovery-wave-22-2026-08-03.md,marketing/seo/editorial-discovery-wave-22-2026-08-03.md,4543,a057dbe8c2f74474ba5a135504c31f53c2318f15ab0edb74280e9fd58511d0f1
/Users/tanuki/.codex/worktrees/1cba/dreamer/marketing/seo/editorial-discovery-wave-23-2026-08-04.md,marketing/seo/editorial-discovery-wave-23-2026-08-04.md,3387,4bbe3de2b533f5d07246f67f02851c98006b5f54b3c7498ad46329ee01f97dfa
/Users/tanuki/.codex/worktrees/1cba/dreamer/marketing/seo/editorial-discovery-wave-24-2026-08-04.md,marketing/seo/editorial-discovery-wave-24-2026-08-04.md,2751,139402f0b33b2c9b36c536078f08d9fdf1cb2f87d4a3a17bb332a9941658817c
/Users/tanuki/.codex/worktrees/1cba/dreamer/marketing/seo/editorial-discovery-wave-25-2026-08-04.md,marketing/seo/editorial-discovery-wave-25-2026-08-04.md,3823,9161a62583518101fcf71e40dd4bb9f7b505bc614f31cc2cac0cd6c9f61b3861
/Users/tanuki/.codex/worktrees/1cba/dreamer/marketing/seo/editorial-discovery-wave-26-2026-08-04.md,marketing/seo/editorial-discovery-wave-26-2026-08-04.md,2769,fffb0b3efcc408f983b5856a47225e7220a13c816f36e84a56aa35a1cd90d876
/Users/tanuki/.codex/worktrees/1cba/dreamer/marketing/seo/editorial-discovery-wave-27-2026-08-04.md,marketing/seo/editorial-discovery-wave-27-2026-08-04.md,3707,3a7f102d0edcd085659611a9bd1da13d858ef106c4fe8b60b221fa3e7da7c633
/Users/tanuki/.codex/worktrees/1cba/dreamer/marketing/seo/editorial-discovery-wave-28-2026-08-09.md,marketing/seo/editorial-discovery-wave-28-2026-08-09.md,2521,b3200d3fd0112d942fded5b44441fb8292d4cbcac930ccba0a0fc609749fc261
/Users/tanuki/.codex/worktrees/1cba/dreamer/marketing/seo/editorial-discovery-wave-29-2026-08-09.md,marketing/seo/editorial-discovery-wave-29-2026-08-09.md,2833,dbf7da58bb0cf5ca0949f4a8e50552d58b2b210d8b35f7b07599c0977b90d833
/Users/tanuki/.codex/worktrees/1cba/dreamer/marketing/seo/editorial-discovery-wave-3-2026-08-03.md,marketing/seo/editorial-discovery-wave-3-2026-08-03.md,4476,e1cbc6c769f65244d4e26a60146332a7f3fe13eb08a9a04a5b5fe50a07fe17c1
/Users/tanuki/.codex/worktrees/1cba/dreamer/marketing/seo/editorial-discovery-wave-30-2026-08-09.md,marketing/seo/editorial-discovery-wave-30-2026-08-09.md,3142,6f5ca0dc2c6557bbf300bb90effa1f0d0593a42d533bfa1af0e133a8718f1e56
/Users/tanuki/.codex/worktrees/1cba/dreamer/marketing/seo/editorial-discovery-wave-31-2026-08-09.md,marketing/seo/editorial-discovery-wave-31-2026-08-09.md,3159,50490cdc8517c46d345f12a779c836b6ef632de33cc2ad8d4aa7bf53adfc9b81
/Users/tanuki/.codex/worktrees/1cba/dreamer/marketing/seo/editorial-discovery-wave-32-2026-08-09.md,marketing/seo/editorial-discovery-wave-32-2026-08-09.md,2430,526c015a23fbccd591fc3ed288922b6cad59eaf8172ed3ff0ad1829bb420d246
/Users/tanuki/.codex/worktrees/1cba/dreamer/marketing/seo/editorial-discovery-wave-33-2026-08-09.md,marketing/seo/editorial-discovery-wave-33-2026-08-09.md,2671,5041e0a275ee9154efb964a3d5479637d0771de3724689fbc461b474a9b62adb
/Users/tanuki/.codex/worktrees/1cba/dreamer/marketing/seo/editorial-discovery-wave-34-2026-08-09.md,marketing/seo/editorial-discovery-wave-34-2026-08-09.md,5112,3ee9c2f7967825608846699fb6b275d9d05ce2f53dd2e3590a4ce54108311608
/Users/tanuki/.codex/worktrees/1cba/dreamer/marketing/seo/editorial-discovery-wave-35-dreamkit-reclamation-2026-08-09.md,marketing/seo/editorial-discovery-wave-35-dreamkit-reclamation-2026-08-09.md,6306,2933ee96f5d7cb18487715ab276f1c1d51e65412be530c9f14351e9a56956086
/Users/tanuki/.codex/worktrees/1cba/dreamer/marketing/seo/editorial-discovery-wave-36-2026-08-10.md,marketing/seo/editorial-discovery-wave-36-2026-08-10.md,1866,6e97bfb457a6d8173d15614147cc40ee3c749ac47241638417383d86dc076b21
/Users/tanuki/.codex/worktrees/1cba/dreamer/marketing/seo/editorial-discovery-wave-38-2026-08-10.md,marketing/seo/editorial-discovery-wave-38-2026-08-10.md,3733,4c417933d9b2835024d204e9d73c6a9608b9a8ebce3eb8c49bd1b418e2ec746d
/Users/tanuki/.codex/worktrees/1cba/dreamer/marketing/seo/editorial-discovery-wave-39-2026-08-10.md,marketing/seo/editorial-discovery-wave-39-2026-08-10.md,3768,13fbc2f64d2a983f934511f5faf98550b07f56319af66115aa79b8cb8dc44af8
/Users/tanuki/.codex/worktrees/1cba/dreamer/marketing/seo/editorial-discovery-wave-4-2026-08-03.md,marketing/seo/editorial-discovery-wave-4-2026-08-03.md,3368,5b04c1fb6ad0d198a5accf66998a0907499cf6476101f550c7567b1a0b11ca24
/Users/tanuki/.codex/worktrees/1cba/dreamer/marketing/seo/editorial-discovery-wave-46-2026-08-10.md,marketing/seo/editorial-discovery-wave-46-2026-08-10.md,2509,8e3edd6404f820c622595edb05c5ed26e7fb14b78d4c2e5303f428dd0facdc2e
/Users/tanuki/.codex/worktrees/1cba/dreamer/marketing/seo/editorial-discovery-wave-47-2026-08-10.md,marketing/seo/editorial-discovery-wave-47-2026-08-10.md,2581,2eadfddb48c590e2a6a8b072942c047a53b47b95de829724e382b3a795416515
/Users/tanuki/.codex/worktrees/1cba/dreamer/marketing/seo/editorial-discovery-wave-48-2026-08-13.md,marketing/seo/editorial-discovery-wave-48-2026-08-13.md,5014,715f2fd9de7e5ef5ea129c2eaae5296146d409508665cb3639732efbf17ece95
/Users/tanuki/.codex/worktrees/1cba/dreamer/marketing/seo/editorial-discovery-wave-49-2026-08-13.md,marketing/seo/editorial-discovery-wave-49-2026-08-13.md,3640,275337afe77ed576a24802b6d1be1499c33ccbaac71dac97643b7604e02a523b
/Users/tanuki/.codex/worktrees/1cba/dreamer/marketing/seo/editorial-discovery-wave-5-2026-08-03.md,marketing/seo/editorial-discovery-wave-5-2026-08-03.md,2003,ba770fd3e37038e59eb37f0eb3c31a1ffd5273c0ba93e049ed8b977aae6d292d
/Users/tanuki/.codex/worktrees/1cba/dreamer/marketing/seo/editorial-discovery-wave-50-2026-08-13.md,marketing/seo/editorial-discovery-wave-50-2026-08-13.md,3197,7b2de39176d881bade20be00e794494f8c7ed57a5ba9be159e9e5e5178cd821c
/Users/tanuki/.codex/worktrees/1cba/dreamer/marketing/seo/editorial-discovery-wave-51-2026-08-13.md,marketing/seo/editorial-discovery-wave-51-2026-08-13.md,4442,5f598a37d0efa58674e1ddd049246c8de743e9c29ec79f805c157fff1f64ab1a
/Users/tanuki/.codex/worktrees/1cba/dreamer/marketing/seo/editorial-discovery-wave-53-2026-08-13.md,marketing/seo/editorial-discovery-wave-53-2026-08-13.md,2859,ddfa318ef99576a586571762931a4bb43d1f911f03c1a1a01dee311c65209977
/Users/tanuki/.codex/worktrees/1cba/dreamer/marketing/seo/editorial-discovery-wave-54-2026-08-13.md,marketing/seo/editorial-discovery-wave-54-2026-08-13.md,3801,3d4ac1e364678ad1dec22caf46eb4963c28d820cf6bda366ab409af20ec71c41
/Users/tanuki/.codex/worktrees/1cba/dreamer/marketing/seo/editorial-discovery-wave-55-2026-08-13.md,marketing/seo/editorial-discovery-wave-55-2026-08-13.md,4006,053d03952da52dbe2b07776d9c887688b2a4cb7aa48568c775b317c77796f042
/Users/tanuki/.codex/worktrees/1cba/dreamer/marketing/seo/editorial-discovery-wave-56-2026-08-13.md,marketing/seo/editorial-discovery-wave-56-2026-08-13.md,3346,b28432a023bc177cfc8b8d4eb40bf96d4633ff9a2be733348d4b38119e6d37ca
/Users/tanuki/.codex/worktrees/1cba/dreamer/marketing/seo/editorial-discovery-wave-57-2026-08-13.md,marketing/seo/editorial-discovery-wave-57-2026-08-13.md,3501,f1974e1126e5335802345afd404bc1765d84b914428028419e0816f9e317d846
/Users/tanuki/.codex/worktrees/1cba/dreamer/marketing/seo/editorial-discovery-wave-58-2026-08-13.md,marketing/seo/editorial-discovery-wave-58-2026-08-13.md,3241,7bd0da1dd9f9e6e5126684024f461d102034a52c91834797e84ab3d5cb941cdb
/Users/tanuki/.codex/worktrees/1cba/dreamer/marketing/seo/editorial-discovery-wave-59-2026-08-13.md,marketing/seo/editorial-discovery-wave-59-2026-08-13.md,3355,d4c70c7d3285e8fe7585695e607ec41e7cdb9a1b17d9b5b76fbf95f8266d9086
/Users/tanuki/.codex/worktrees/1cba/dreamer/marketing/seo/editorial-discovery-wave-6-2026-08-03.md,marketing/seo/editorial-discovery-wave-6-2026-08-03.md,3728,95a4f82be1dbe336d85756a7efde9adad10cfd2c40bda8d2a65e7cd64dc004f6
/Users/tanuki/.codex/worktrees/1cba/dreamer/marketing/seo/editorial-discovery-wave-60-2026-08-14.md,marketing/seo/editorial-discovery-wave-60-2026-08-14.md,3614,1bfdeaf3c81f74f0ea548149efc5ec1b174166ea042e1291b0728583b05915ff
/Users/tanuki/.codex/worktrees/1cba/dreamer/marketing/seo/editorial-discovery-wave-61-2026-08-14.md,marketing/seo/editorial-discovery-wave-61-2026-08-14.md,4280,27afe3c26f4807ff505e8c1c95ac43e588cf1eda58729eb64d1e7dc0fa37d7a0
/Users/tanuki/.codex/worktrees/1cba/dreamer/marketing/seo/editorial-discovery-wave-62-2026-08-14.md,marketing/seo/editorial-discovery-wave-62-2026-08-14.md,4102,fd2e5b0783a4f182a825d77f86dcac712c1af721b532c7d8276b72186017dae8
/Users/tanuki/.codex/worktrees/1cba/dreamer/marketing/seo/editorial-discovery-wave-63-2026-08-14.md,marketing/seo/editorial-discovery-wave-63-2026-08-14.md,2889,6de8217ee03c758835541cfc2f076bf676003ec817763a9db20cf987ad3c6042
/Users/tanuki/.codex/worktrees/1cba/dreamer/marketing/seo/editorial-discovery-wave-64-2026-08-14.md,marketing/seo/editorial-discovery-wave-64-2026-08-14.md,2516,9d44773819ee463b7abbb4126fdec7fac4a62346a91d5437db4b1af7a5f48155
/Users/tanuki/.codex/worktrees/1cba/dreamer/marketing/seo/editorial-discovery-wave-65-2026-08-14.md,marketing/seo/editorial-discovery-wave-65-2026-08-14.md,2728,629ca09eb3259559689c5a7a9b1b390f1f33437c80f497b462946c7afe274fda
/Users/tanuki/.codex/worktrees/1cba/dreamer/marketing/seo/editorial-discovery-wave-66-2026-08-14.md,marketing/seo/editorial-discovery-wave-66-2026-08-14.md,2715,d7dba7d42bdf0a08c042827966ec11292c0ae72fa6f0bda5ca7a3ca7d224b8e1
/Users/tanuki/.codex/worktrees/1cba/dreamer/marketing/seo/editorial-discovery-wave-67-2026-08-14.md,marketing/seo/editorial-discovery-wave-67-2026-08-14.md,3225,33bd7d84c2bc417afa8adf1dcb4bb83774443aaa8d8b64e156adb03a8ceef2ee
/Users/tanuki/.codex/worktrees/1cba/dreamer/marketing/seo/editorial-discovery-wave-68-2026-08-14.md,marketing/seo/editorial-discovery-wave-68-2026-08-14.md,4990,7fdfe5cb06d4f4f6cd6f9562f09f121be91daf4e987d6d6ca71f97ec96a34fdd
/Users/tanuki/.codex/worktrees/1cba/dreamer/marketing/seo/editorial-discovery-wave-69-2026-08-14.md,marketing/seo/editorial-discovery-wave-69-2026-08-14.md,4223,f171328102914728edf6f854471492fb67a6252b9234c7afcc1bb1163e466a3f
/Users/tanuki/.codex/worktrees/1cba/dreamer/marketing/seo/editorial-discovery-wave-7-2026-08-03.md,marketing/seo/editorial-discovery-wave-7-2026-08-03.md,10827,e17cf50fbb03657cfe112611d7a60aba42c9d3719541b093f7bae3a1f3b1636a
/Users/tanuki/.codex/worktrees/1cba/dreamer/marketing/seo/editorial-discovery-wave-71-2026-08-14.md,marketing/seo/editorial-discovery-wave-71-2026-08-14.md,5591,3f4fffdba17976e98ee64fcbafaa7c69c63b2eb5a4f7387997b1cb08cf052441
/Users/tanuki/.codex/worktrees/1cba/dreamer/marketing/seo/editorial-discovery-wave-72-2026-08-14.md,marketing/seo/editorial-discovery-wave-72-2026-08-14.md,2732,d277a9232bf318663bad265ce5ff43c3ac324deed9736d3b013ed812eb9c9c6c
/Users/tanuki/.codex/worktrees/1cba/dreamer/marketing/seo/editorial-discovery-wave-73-2026-08-14.md,marketing/seo/editorial-discovery-wave-73-2026-08-14.md,3440,4a1fda9a5229fcc06ab42b77bcfd076265f2a1567a3bbc9f041e6c8370f8ae5e
/Users/tanuki/.codex/worktrees/1cba/dreamer/marketing/seo/editorial-discovery-wave-74-2026-08-14.md,marketing/seo/editorial-discovery-wave-74-2026-08-14.md,3136,13a839d5821f10f7e7a6aec31a6a204dfee633ab11e74c56fc10d40ac01900c5
/Users/tanuki/.codex/worktrees/1cba/dreamer/marketing/seo/editorial-discovery-wave-75-2026-08-14.md,marketing/seo/editorial-discovery-wave-75-2026-08-14.md,3497,47145ead099815c0166bd1e7f840b3f140cbe847b047c129bae1c9e70644c0bd
/Users/tanuki/.codex/worktrees/1cba/dreamer/marketing/seo/editorial-discovery-wave-76-2026-08-14.md,marketing/seo/editorial-discovery-wave-76-2026-08-14.md,3451,a29e293006f893d9f6e5f7bba359298450b3363ebc4623002f7f2e7efe48ada2
/Users/tanuki/.codex/worktrees/1cba/dreamer/marketing/seo/editorial-discovery-wave-77-2026-08-14.md,marketing/seo/editorial-discovery-wave-77-2026-08-14.md,4651,f6412ca1296257a518c788f067ae2cacedb9266d1671f4f3cf46dc9deddf8c28
/Users/tanuki/.codex/worktrees/1cba/dreamer/marketing/seo/editorial-discovery-wave-78-2026-08-14.md,marketing/seo/editorial-discovery-wave-78-2026-08-14.md,3686,12e269edf7186e0663e31e4b4294f72b78f3f0ad2da746417d1abba28c6dff29
/Users/tanuki/.codex/worktrees/1cba/dreamer/marketing/seo/editorial-discovery-wave-79-2026-08-14.md,marketing/seo/editorial-discovery-wave-79-2026-08-14.md,4998,bd89e3ff0078a00d28d253d1a17f76d1c17ec00256ea89d91da164f2b0bbcf94
/Users/tanuki/.codex/worktrees/1cba/dreamer/marketing/seo/editorial-discovery-wave-8-2026-08-03.md,marketing/seo/editorial-discovery-wave-8-2026-08-03.md,4567,a253f0a443b630009c0f08e31115b873420d7d5ec278d2bba6f06588d8f352c1
/Users/tanuki/.codex/worktrees/1cba/dreamer/marketing/seo/editorial-discovery-wave-80-2026-08-14.md,marketing/seo/editorial-discovery-wave-80-2026-08-14.md,4316,00f19fe35853e9a5ba9d4819ab8f8cb8be9ed834749a5d05b32e93f5a5b53648
/Users/tanuki/.codex/worktrees/1cba/dreamer/marketing/seo/editorial-discovery-wave-81-2026-08-14.md,marketing/seo/editorial-discovery-wave-81-2026-08-14.md,4688,ea944faeb9a9f10a0e7c758df2764e713f66b1735c8710da17875028dea0289e
/Users/tanuki/.codex/worktrees/1cba/dreamer/marketing/seo/editorial-discovery-wave-82-2026-08-14.md,marketing/seo/editorial-discovery-wave-82-2026-08-14.md,3911,14133ea8828c30e6d218670d659eac4a377d7ffc521ab958b14fa3fecb49c7d9
/Users/tanuki/.codex/worktrees/1cba/dreamer/marketing/seo/editorial-discovery-wave-83-2026-08-14.md,marketing/seo/editorial-discovery-wave-83-2026-08-14.md,4152,acf7be48f841ac0ae6be9f01ba3ea1b5b628dfaf233e9faabd70743d019f1d06
/Users/tanuki/.codex/worktrees/1cba/dreamer/marketing/seo/editorial-discovery-wave-84-2026-08-14.md,marketing/seo/editorial-discovery-wave-84-2026-08-14.md,4165,caa218191a12b90e8ab2541e42fe09253b3fabf74d7e118b69d9e0fcb9e41b24
/Users/tanuki/.codex/worktrees/1cba/dreamer/marketing/seo/editorial-discovery-wave-85-2026-08-14.md,marketing/seo/editorial-discovery-wave-85-2026-08-14.md,4302,bccd854d149612bff12a7f168b1f2b2efc56d5286f132ac1c4f093f5f71cc6c5
/Users/tanuki/.codex/worktrees/1cba/dreamer/marketing/seo/editorial-discovery-wave-9-2026-08-03.md,marketing/seo/editorial-discovery-wave-9-2026-08-03.md,1726,7f1252df7a2f487b5eca054908cfc26312cf96d60a600ecb4f71927b7b743a56
/Users/tanuki/.codex/worktrees/1cba/dreamer/marketing/seo/editorial-response-elsewhere-2026-08-09.md,marketing/seo/editorial-response-elsewhere-2026-08-09.md,3953,cbd600b95c0c05ff1c2f9d7b4e647e7bd46ac53cbf1ae462cda5d9d1ef42ecbc
/Users/tanuki/.codex/worktrees/1cba/dreamer/marketing/seo/editorial-response-wave-13-2026-08-03.md,marketing/seo/editorial-response-wave-13-2026-08-03.md,1561,c256e901ed683dd4f10a3a1be2245370733b33f61dc5069d2730817d03fded04
/Users/tanuki/.codex/worktrees/1cba/dreamer/marketing/seo/editorial-send-evidence-wave-14-2026-08-03.md,marketing/seo/editorial-send-evidence-wave-14-2026-08-03.md,1587,6de179f82e1478968a9dc92c05c8de461e4f6f0958803b60e17e204e66d3fe55
/Users/tanuki/.codex/worktrees/1cba/dreamer/marketing/seo/editorial-send-evidence-wave-23-2026-08-04.md,marketing/seo/editorial-send-evidence-wave-23-2026-08-04.md,2005,787a01de97febdef7f58691bae0e51db767b8df0dedad355cbe2b8d833e453cc
/Users/tanuki/.codex/worktrees/1cba/dreamer/marketing/seo/editorial-send-evidence-wave-28-2026-08-04.md,marketing/seo/editorial-send-evidence-wave-28-2026-08-04.md,1936,cd6fe7a78bb4589c557cae04944a5113c37bf167910aad4a3144da8bc3d36d7c
/Users/tanuki/.codex/worktrees/1cba/dreamer/marketing/seo/editorial-syndication-pack-2026-07-31.md,marketing/seo/editorial-syndication-pack-2026-07-31.md,13676,6556b21c052d0eeb1225be8dda4c937dd6794b8b02ce0085f40a1c58648f1e36
/Users/tanuki/.codex/worktrees/1cba/dreamer/marketing/seo/high-dr-platform-reality-check-wave-45-2026-08-10.md,marketing/seo/high-dr-platform-reality-check-wave-45-2026-08-10.md,4120,5438d376c3a3de7957ee8fe2df54a7921a3575d29f65696f9987f305c2f119f5
/Users/tanuki/.codex/worktrees/1cba/dreamer/marketing/seo/j51-editorial-release-2026-09-06.md,marketing/seo/j51-editorial-release-2026-09-06.md,2691,79b7954f38171a29416e8072e5f2b779f96bc46440338a0d532b1cf1bb2d3fa5
/Users/tanuki/.codex/worktrees/1cba/dreamer/marketing/seo/j52-ahrefs-keyword-gates-2026-09-07.csv,marketing/seo/j52-ahrefs-keyword-gates-2026-09-07.csv,1652,ca8021281554d83c596f55af5c88f170693e64c97b3be707525e403b2e418089
/Users/tanuki/.codex/worktrees/1cba/dreamer/marketing/seo/j52-hospital-rentree-articles-2026-09-07.md,marketing/seo/j52-hospital-rentree-articles-2026-09-07.md,9333,992128c8a1d75da2583c5eed334a449f49050d1687827bb77c3d296e3400e2d9
/Users/tanuki/.codex/worktrees/1cba/dreamer/marketing/seo/j52-plan-editorial-2026-09-07.md,marketing/seo/j52-plan-editorial-2026-09-07.md,16665,c52c38af23713be2cb3af4c239477db3497fd7c7c4b15d3adc03c87023aa44be
/Users/tanuki/.codex/worktrees/1cba/dreamer/marketing/seo/linkable-asset-feature-snapshot-2026-08-10.md,marketing/seo/linkable-asset-feature-snapshot-2026-08-10.md,2906,3cbb6c9dd6bdc85b4966c247f65c018f6d30522a1b4c087930165edc918663c4
/Users/tanuki/.codex/worktrees/1cba/dreamer/marketing/seo/linkable-asset-outreach-refresh-2026-08-10.md,marketing/seo/linkable-asset-outreach-refresh-2026-08-10.md,3258,6a7d5509b1832ad672919037992e9172bacbb8dd98b914aff169e8bb0375387e
/Users/tanuki/.codex/worktrees/1cba/dreamer/marketing/seo/media-source-platform-pack-2026-08-09.md,marketing/seo/media-source-platform-pack-2026-08-09.md,11610,379c804e3c354d3b783b6e5fe744e4d47e31871295f908c285070a6e2251c932
/Users/tanuki/.codex/worktrees/1cba/dreamer/marketing/seo/media-source-platform-prospects-2026-08-09.csv,marketing/seo/media-source-platform-prospects-2026-08-09.csv,4455,935d92f0dc2b16f91f9b1a55209da2cc87ff7dec10c3d060fa9448ccb5ff4a12
/Users/tanuki/.codex/worktrees/1cba/dreamer/marketing/seo/noctalia-3-goal-sprint-2026-06-04.md,marketing/seo/noctalia-3-goal-sprint-2026-06-04.md,3787,c243d440bdf7b4dd0bf343239c7b13dc1a857c973ed8dc9cdb872fdd9229239d
/Users/tanuki/.codex/worktrees/1cba/dreamer/marketing/seo/noctalia-90-day-execution-log-2026-05-20.md,marketing/seo/noctalia-90-day-execution-log-2026-05-20.md,2564,bd3136408196ec2f05e48212c41e54ca9d80d9e15329530118dbef61cddbcc7a
/Users/tanuki/.codex/worktrees/1cba/dreamer/marketing/seo/noctalia-multilingual-goals-web-research-2026-06-04.md,marketing/seo/noctalia-multilingual-goals-web-research-2026-06-04.md,18522,47f588c045329434c605175e4376b6e707ec4578204065ecf1739b98dbeb54dd
/Users/tanuki/.codex/worktrees/1cba/dreamer/marketing/seo/noctalia-symbol-expansion-plan-2026-05-20.md,marketing/seo/noctalia-symbol-expansion-plan-2026-05-20.md,5330,8f2251e5df6298f7f5076443a7d35f17c04f177ec6530fd94834738492b3a942
/Users/tanuki/.codex/worktrees/1cba/dreamer/marketing/seo/peerpush-account-review-2026-08-09.md,marketing/seo/peerpush-account-review-2026-08-09.md,7293,00e0f2ab1f4caf5dbe951f4e6ceb3e69084b5cc43feec4c088f72a31ffeb7eed
/Users/tanuki/.codex/worktrees/1cba/dreamer/marketing/seo/peerpush-free-product-update-draft-2026-08-10.md,marketing/seo/peerpush-free-product-update-draft-2026-08-10.md,3130,acd559d65d3d4d9b16cd32f4be5dfcb31d8166a0cb9a4cabdb2840c4b6514cce
/Users/tanuki/.codex/worktrees/1cba/dreamer/marketing/seo/priority-corrections-2026-05-04.md,marketing/seo/priority-corrections-2026-05-04.md,8223,95697644656f1440749c2e18d87ebdff82e0f1fe3cc7c625f66faade72c98c9a
/Users/tanuki/.codex/worktrees/1cba/dreamer/marketing/seo/product-hunt-launch-pack-2026-07-31.md,marketing/seo/product-hunt-launch-pack-2026-07-31.md,7948,61eac90c675611f7385344fbb59f6ae7d3739eddfcb2d42638103c89405e5533
/Users/tanuki/.codex/worktrees/1cba/dreamer/marketing/seo/qualified-review-queue-2026-07-09.md,marketing/seo/qualified-review-queue-2026-07-09.md,6649,25e78f75bd0c358311c917eb0bb5941af1f617459ba3637c54c79cd34a97180e
/Users/tanuki/.codex/worktrees/1cba/dreamer/marketing/seo/search-console/2026-06-23-priority-url-inspection.md,marketing/seo/search-console/2026-06-23-priority-url-inspection.md,4273,3d81edcb7bfb8b7a125f3c6ef8feaa8feec84e8047a5c45183ed3a596543e576
/Users/tanuki/.codex/worktrees/1cba/dreamer/marketing/seo/search-console/2026-07-08-july-catchup-url-inspection.md,marketing/seo/search-console/2026-07-08-july-catchup-url-inspection.md,2364,833e4dc50e62c1ad2986abfada676bb0abe9c151756d365feabb0360e681bacd
/Users/tanuki/.codex/worktrees/1cba/dreamer/marketing/seo/search-console/2026-07-08-vacation-url-inspection.md,marketing/seo/search-console/2026-07-08-vacation-url-inspection.md,1133,2327a54f83560631fa5355b1bfddaac698128dfe8a102389be9b1fdced5cfb46
/Users/tanuki/.codex/worktrees/1cba/dreamer/marketing/seo/search-console/2026-07-10-heat-stress-nightmares-url-inspection.md,marketing/seo/search-console/2026-07-10-heat-stress-nightmares-url-inspection.md,2038,bfb8014cd69c405ae3f341e2f23c5e33d4910f2b22b446fc40f2cea7543a4356
/Users/tanuki/.codex/worktrees/1cba/dreamer/marketing/seo/search-console/2026-07-10-july-url-inspection.md,marketing/seo/search-console/2026-07-10-july-url-inspection.md,1392,7ee4bb7e0a3a2d056746a60e73c297807928b2851319e96864fe9b61a8bf800a
/Users/tanuki/.codex/worktrees/1cba/dreamer/marketing/seo/search-console/2026-07-11-july-url-inspection.md,marketing/seo/search-console/2026-07-11-july-url-inspection.md,2315,15f34972bf06afcd05261bfb1ef7f6e4b01914d8f6913aaded5a0342002ba5bf
/Users/tanuki/.codex/worktrees/1cba/dreamer/marketing/seo/search-console/2026-07-12-july-url-inspection.md,marketing/seo/search-console/2026-07-12-july-url-inspection.md,1836,fefc495bc7bb30f547b3857e2091b0e601c4ab923b0dc6084cf789b52fab7324
/Users/tanuki/.codex/worktrees/1cba/dreamer/marketing/seo/search-console/2026-07-13-july-url-inspection.md,marketing/seo/search-console/2026-07-13-july-url-inspection.md,1607,5db1a5d6d586d202102004763f1eb8f10d167ba4b03e7f4e87a69d9ccb20c4bc
/Users/tanuki/.codex/worktrees/1cba/dreamer/marketing/seo/search-console/2026-07-14-july-url-inspection.md,marketing/seo/search-console/2026-07-14-july-url-inspection.md,1709,b88022a084342367eb6231112239275f946a61a39f6b5dec83f6d6e7e6e261e2
/Users/tanuki/.codex/worktrees/1cba/dreamer/marketing/seo/search-console/2026-07-15-july-url-inspection.md,marketing/seo/search-console/2026-07-15-july-url-inspection.md,2709,6b5be14c22c601b364314210959e0024e5ae5691e95297af44eb610a8e581d1f
/Users/tanuki/.codex/worktrees/1cba/dreamer/marketing/seo/search-console/2026-07-28-low-visibility-wave-2-freeze.md,marketing/seo/search-console/2026-07-28-low-visibility-wave-2-freeze.md,2123,f6d016492e90281fdd8ca3d8f5547de0c324ffe2d5da72effa4bb51870e6fdbd
/Users/tanuki/.codex/worktrees/1cba/dreamer/marketing/seo/search-console/2026-08-03-external-links-baseline.md,marketing/seo/search-console/2026-08-03-external-links-baseline.md,7045,b561e57a699e8651494c238e75e76f6ae78e5c031f370009fe8a8024bec9ba8b
/Users/tanuki/.codex/worktrees/1cba/dreamer/marketing/seo/search-console/2026-08-08-low-visibility-wave-3-freeze.md,marketing/seo/search-console/2026-08-08-low-visibility-wave-3-freeze.md,2433,e30c16e1e7938f2c1c4f5502590c0507ea8858c5bad3beb05390f3fe43ab1c7b
/Users/tanuki/.codex/worktrees/1cba/dreamer/marketing/seo/search-console/2026-08-09-external-links-refresh.md,marketing/seo/search-console/2026-08-09-external-links-refresh.md,4011,9f115a0b496caed0523f770d0cc00895f17beefd4300e352b684e82507f2b23f
/Users/tanuki/.codex/worktrees/1cba/dreamer/marketing/seo/search-console/image/2026-04-15_to_2026-07-12/action-plan.md,marketing/seo/search-console/image/2026-04-15_to_2026-07-12/action-plan.md,4117,0e35f70226b61e124812f809f331a4339710526fcd217ab7850a7623db181ecc
/Users/tanuki/.codex/worktrees/1cba/dreamer/marketing/seo/search-console/image/2026-04-15_to_2026-07-12/countries.csv,marketing/seo/search-console/image/2026-04-15_to_2026-07-12/countries.csv,4636,1a54aa0afc57b9e505fbcfcd131f30c0f3bc07bd456a351954f8eb516e6def49
/Users/tanuki/.codex/worktrees/1cba/dreamer/marketing/seo/search-console/image/2026-04-15_to_2026-07-12/daily.csv,marketing/seo/search-console/image/2026-04-15_to_2026-07-12/daily.csv,3451,d9eaf4cbdb619fe96714591f4c8546ed1d31406d431a81793310f119381e11fe
/Users/tanuki/.codex/worktrees/1cba/dreamer/marketing/seo/search-console/image/2026-04-15_to_2026-07-12/devices.csv,marketing/seo/search-console/image/2026-04-15_to_2026-07-12/devices.csv,182,8fa2624fc6d2f463c02bac928e5d7a32d1a0277f6845a06fae979ece36771909
/Users/tanuki/.codex/worktrees/1cba/dreamer/marketing/seo/search-console/image/2026-04-15_to_2026-07-12/page-query.csv,marketing/seo/search-console/image/2026-04-15_to_2026-07-12/page-query.csv,228131,205b4c989a37719e914618bd2e1698d246a9f182a89b3271dcbaf5a91bab8107
/Users/tanuki/.codex/worktrees/1cba/dreamer/marketing/seo/search-console/image/2026-04-15_to_2026-07-12/pages.csv,marketing/seo/search-console/image/2026-04-15_to_2026-07-12/pages.csv,41135,1aa36d5692e08bb64692b6908719b5286900a158be7bdacbf7b2856ea39292a2
/Users/tanuki/.codex/worktrees/1cba/dreamer/marketing/seo/search-console/image/2026-04-15_to_2026-07-12/pilot-baseline.md,marketing/seo/search-console/image/2026-04-15_to_2026-07-12/pilot-baseline.md,2634,d524cf3b54831846ccf70d3f49986bf7bc7110ef7e3852740c91fe4b9eac081d
/Users/tanuki/.codex/worktrees/1cba/dreamer/marketing/seo/search-console/image/2026-04-15_to_2026-07-12/queries.csv,marketing/seo/search-console/image/2026-04-15_to_2026-07-12/queries.csv,49857,ab454ef69587ae54673f8df17ed2a05e970492f07a8ffb405b87ddfc9c38a5fc
/Users/tanuki/.codex/worktrees/1cba/dreamer/marketing/seo/search-console/image/2026-04-15_to_2026-07-12/summary.csv,marketing/seo/search-console/image/2026-04-15_to_2026-07-12/summary.csv,80,10a1cd25e307d0be0f67ba97b587682cf328a9d3a151206981e5342c4544d79c
/Users/tanuki/.codex/worktrees/1cba/dreamer/marketing/seo/search-console/image/2026-04-15_to_2026-07-12/summary.json,marketing/seo/search-console/image/2026-04-15_to_2026-07-12/summary.json,835,b520f8a2d630c967d3a7a5a08265316555c914a37989e39b8c008087fde6f003
/Users/tanuki/.codex/worktrees/1cba/dreamer/marketing/seo/search-console-api.md,marketing/seo/search-console-api.md,3999,b8a1e40a53f707a56037743ff6e4f502b9d2392480ff1ef4f336d38396fc5110
