app,platforms,pricing_signal,voice_capture,ai_interpretation,generated_images,privacy_or_export_signal,lucid_dreaming,best_for,caveat,source_url,last_reviewed
"Noctalia","Android / browser journal","Freemium; Google Play shows the current Noctalia Plus price before purchase","Strong","Yes","Yes","EU-hosted journal; deletion controls","Basic tools","Voice capture and visual reflection on Android; journaling in the browser","Not available on iOS; limited advanced lucid training","https://play.google.com/store/apps/details?id=com.tanuki75.noctalia","2026-10-02"
"DreamApp","Android / iOS","Premium subscriptions; Google Play lists in-app purchases","Limited in public listing","Yes","Some visual or movie claims","Google Play data-safety disclosures","Some lucid or tracker mentions","Mainstream dream meanings and therapist-guided positioning","Less suited to users seeking voice-first Android capture with provider disclosures","https://play.google.com/store/apps/details?id=com.dreamapp.app&hl=en_US","2026-07-12"
"Oniri","iOS / Android","Freemium/premium app","Yes","Yes","Yes","Advertised export and privacy features","Strong","Lucid dreaming practice and advanced technique toolkit","Broader lucid-dreaming toolkit may be unnecessary for simple journaling","https://www.oniri.io/","2026-10-02"
"Dreamiary","Android / iOS","Free core, paid upgrades visible on stores","Yes","Yes","No strong visual-first signal","Privacy and local-first positioning","Yes","Privacy-minded journaling with mood and symbol tracking","No strong generated-image or guided-reflection signal","https://www.dreamiary.com/","2026-07-12"
"Dreamlab","iOS / Android messaging varies by page","Free tier plus monthly/yearly pricing on site","Text and voice positioning","Yes","Yes","Private secure journal positioning","Limited","Emotion, mood and pattern-focused AI journal","Public Android availability and traction require verification","https://getdreamlab.com/","2026-07-12"
"DreamKit","Former Android listing returns 404; former iOS ID is Arcana","No current store price verified","Former listing was text-first","Former listing advertised it","Former listing advertised it","Former listing advertised PDF export; biometric lock; cloud backup","Former listing advertised reality checks","Existing users preserving or exporting a working archive","No current DreamKit store download or price verified","https://dreamkit.app/","2026-08-09"
"Rosebud","Web / apps","AI journaling subscription product","Yes","Yes","No dream-specific visual emphasis","Encryption and export/delete controls advertised","No","Broader journaling and self-reflection beyond dreams","Not a dedicated dream-first Android product","https://www.rosebud.app/","2026-10-02"
"Dreamz Journal","iOS; Android announced","Free tier plus premium pricing on site","Yes","Yes","Yes","Private grimoire; export and delete claims","Some ritual or reflection framing","Mystical editorial dream readings and symbols","Less suited to a sober psychological tone or Android users today","https://dreamz-journal.com/","2026-10-02"
"DreamMirror","Android direct distribution","Not store-led","Yes","Reflective AI stance","No","Strong privacy and anti-hype positioning","No","Calm private reflection with minimal hype","Not distributed through Google Play; fewer images and dictionary features","https://dreammirror.app/","2026-08-09"
"DreamStream","iOS / iPadOS","Free tier, subscriptions and credit packs advertised","Yes","Yes","Yes","Biometric lock and PDF/CSV/TXT export advertised; digital-twin data needs review","Yes","Cinematic dream visualization and storyboards","Less suited to users seeking a calmer private journal","https://apps.apple.com/us/app/dreamstream-dream-journal/id6758463546","2026-10-02"
"DreamNotes","iOS","Free with subscription signals","Text or chat-first","Yes","No strong visual-first signal","Import/export advertised; privacy implementation not independently audited","No","Fast AI dream analysis and iOS journaling","Not available for Android users","https://apps.apple.com/us/app/dreamnotes-dream-journal-app/id6474638398","2026-10-02"
