priority,cluster,market,keyword,kd,volume,gsv,traffic_potential,global_traffic_potential,status,next_action
P1,turtle,IT,sognare tartarughe,0,1200,1200,800,800,GO_NEXT_WAVE,"create one localized owner after wave 1 is live"
P1,turtle,DE,traumdeutung schildkröte,0,250,300,90,100,GO_NEXT_WAVE,"keep animal guide as hub"
P1,turtle,FR,rêver de tortue,0,100,200,500,500,GO_NEXT_WAVE,"exclude predictive claims"
P1,turtle,ES,soñar con tortugas,0,600,5200,300,3500,GO_NEXT_WAVE,"create one symbol owner"
P1,turtle,US,dreaming about turtles,0,100,200,1200,1400,GO_NEXT_WAVE,"create one symbol owner"
P1,crocodile,IT,sognare coccodrilli,0,700,700,600,600,GO_NEXT_WAVE,"move precise intent to detail page; keep guide as hub"
P1,crocodile,DE,traumdeutung krokodil,0,500,700,200,200,GO_NEXT_WAVE,"move precise intent to detail page; keep guide as hub"
P1,crocodile,FR,rêver de crocodile,0,150,250,1200,1200,GO_NEXT_WAVE,"cover threat pursuit house and harmless scenarios"
P1,crocodile,ES,soñar con cocodrilos,0,900,14000,350,9200,GO_NEXT_WAVE,"create one symbol owner"
P1,crocodile,US,dreaming about crocodiles,8,40,350,1000,3300,GO_NEXT_WAVE,"create one symbol owner"
P1,lice,IT,sognare pidocchi,0,800,800,1400,1400,GO_NEXT_WAVE,"exclude money and lottery as primary intent"
P1,lice,DE,traumdeutung läuse,0,200,250,30,40,GO_NEXT_WAVE,"create one symbol owner"
P1,lice,FR,rêver de poux,0,150,200,200,250,GO_NEXT_WAVE,"create one symbol owner"
P1,lice,ES,soñar con piojos,18,1600,31000,600,12000,GO_NEXT_WAVE,"SERP has a DR 0 result at position 10"
P1,lice,US,dreaming about lice,0,30,70,200,350,GO_NEXT_WAVE,"create one symbol owner"
P2,wasp,IT,sognare vespe,0,200,250,100,100,GO_BACKLOG,"validate scenarios then brief"
P2,wasp,DE,traumdeutung wespen,0,200,200,150,150,GO_BACKLOG,"validate scenarios then brief"
P2,wasp,FR,rêver de guêpes,NA,10,20,NA,NA,GO_BACKLOG,"low local demand; share canonical concept only"
P2,wasp,ES,soñar con avispas,0,600,3000,250,1000,GO_BACKLOG,"prioritize Spanish brief"
P2,wasp,US,dreaming about wasps,1,50,150,200,300,GO_BACKLOG,"validate scenarios then brief"
P2,cemetery,IT,sognare cimitero,0,600,600,600,600,BRIEF_READY_HOLD_J7,"metrics revalidated 2026-08-13 (J29); five-locale brief in j29-j31-cemetery-implementation-brief-2026-08-13.md; no owner before 2026-08-15 checkpoint"
P2,cemetery,DE,traumdeutung friedhof,0,150,200,60,60,BRIEF_READY_HOLD_J7,"metrics revalidated 2026-08-13 (J29); shared place-symbol brief ready; no owner before 2026-08-15 checkpoint"
P2,cemetery,FR,rêver de cimetière,0,60,150,300,300,BRIEF_READY_HOLD_J7,"metrics from 2026-08-11, not revalidated (API layer exhausted); shared place-symbol brief ready; no owner before 2026-08-15 checkpoint"
P2,cemetery,ES,soñar con cementerio,0,250,4700,150,4300,BRIEF_READY_HOLD_J7,"volume/TP revalidated 2026-08-13 (J29); fresh SERP blocked at 0 API unit; shared brief ready; no owner before 2026-08-15 checkpoint"
P2,cemetery,US,dreaming about cemetery,0,10,20,60,100,BRIEF_READY_HOLD_J7,"metrics from 2026-08-11, not revalidated (API layer exhausted); shared brief ready; no owner before 2026-08-15 checkpoint"
P2,bread,IT,sognare pane,0,700,700,1000,1000,GO_BACKLOG,"brief food and sharing scenarios"
P2,bread,DE,traumdeutung brot,NA,80,100,NA,NA,GO_BACKLOG,"low confidence country metric"
P2,bread,FR,rêver de pain,0,70,150,200,200,GO_BACKLOG,"brief food and sharing scenarios"
P2,bread,ES,soñar con pan,0,250,3900,150,1900,GO_BACKLOG,"brief food and sharing scenarios"
P2,bread,US,dreaming about bread,0,10,40,20,30,GO_BACKLOG,"brief food and sharing scenarios"
P2,eggs,IT,sognare uova,6,900,900,400,400,GO_BACKLOG,"brief intact broken cooking and hatching scenarios"
P2,eggs,DE,traumdeutung eier,0,90,100,60,60,GO_BACKLOG,"brief intact broken cooking and hatching scenarios"
P2,eggs,FR,rêver d'œufs,NOT_INDEXED,NA,NA,NA,NA,GO_BACKLOG,"retain as shared locale only until demand proof"
P2,eggs,ES,soñar con huevos,0,250,3400,250,4100,GO_BACKLOG,"brief intact broken cooking and hatching scenarios"
P2,eggs,US,dreaming about eggs,0,30,200,90,250,GO_BACKLOG,"brief intact broken cooking and hatching scenarios"
HOLD,sex,IT,sognare di fare sesso,0,1200,1200,400,400,HOLD_OWNER_REVIEW,"map ex-partner and relationship owners first"
HOLD,sex,DE,traumdeutung sex,9,700,700,250,250,HOLD_OWNER_REVIEW,"map ex-partner and relationship owners first"
HOLD,sex,FR,rêver de faire l'amour,0,70,150,600,700,HOLD_OWNER_REVIEW,"map ex-partner and relationship owners first"
HOLD,sex,ES,soñar con sexo,22,450,2000,250,1400,HOLD_OWNER_REVIEW,"three historical impressions split across ex pages"
HOLD,sex,US,dreaming about sex,42,200,500,3100,4900,HOLD_OWNER_REVIEW,"high competition and sensitive intent"
P2,scorpion,IT,sognare scorpioni,0,450,450,100,100,GO_BACKLOG,"candidate wave 2 after turtle crocodile lice"
P2,scorpion,DE,traumdeutung skorpion,NA,50,70,NA,NA,GO_BACKLOG,"candidate wave 2 after turtle crocodile lice"
P2,scorpion,FR,rêver de scorpion,0,60,100,150,150,GO_BACKLOG,"candidate wave 2 after turtle crocodile lice"
P2,scorpion,ES,soñar con escorpiones,0,250,2100,250,2300,GO_BACKLOG,"SERP has a DR 0 symbol page at position 8"
P2,scorpion,US,dreaming about scorpions,1,100,200,600,800,GO_BACKLOG,"candidate wave 2 after turtle crocodile lice"
P2,ticks,IT,sognare zecche,0,200,200,100,100,GO_BACKLOG,"keep dog scenario subordinate"
P2,ticks,DE,traumdeutung zecken,NA,10,10,NA,NA,GO_BACKLOG,"low local demand"
P2,ticks,FR,rêver de tiques,0,10,20,20,20,GO_BACKLOG,"low local demand"
P2,ticks,ES,soñar con garrapatas,0,450,11000,200,6300,GO_BACKLOG,"prioritize Spanish brief"
P2,ticks,US,dreaming about ticks,0,40,60,200,200,GO_BACKLOG,"keep dog scenario subordinate"
P2,snail,IT,sognare lumache,0,300,300,200,200,GO_BACKLOG,"exclude spiral-stair false positives"
P2,snail,DE,traumdeutung schnecken,0,50,50,40,40,GO_BACKLOG,"exclude spiral-stair false positives"
P2,snail,FR,rêver d'escargots,NA,0-10,10,NA,NA,GO_BACKLOG,"exclude spiral-stair false positives"
P2,snail,ES,soñar con caracoles,0,250,1200,100,500,GO_BACKLOG,"exclude escalera de caracol queries"
P2,snail,US,dreaming about snails,0,10,10,20,30,GO_BACKLOG,"exclude spiral-stair false positives"
P3,fox,IT,sognare volpi,NA,40,40,NA,NA,P2_BACKLOG,"defer behind stronger animal clusters"
P3,fox,DE,traumdeutung fuchs,0,200,200,30,30,P2_BACKLOG,"defer behind stronger animal clusters"
P3,fox,FR,rêver de renard,0,50,60,80,80,P2_BACKLOG,"defer behind stronger animal clusters"
P3,fox,ES,soñar con zorros,0,30,200,30,300,P2_BACKLOG,"defer behind stronger animal clusters"
P3,fox,US,dreaming about foxes,0,30,60,250,300,P2_BACKLOG,"defer behind stronger animal clusters"
HOLD,bull,IT,sognare tori,0,30,30,30,30,HOLD_OWNER_REVIEW,"review being-chased and animal hub ownership"
HOLD,bull,DE,traumdeutung stier,NA,40,60,NA,NA,HOLD_OWNER_REVIEW,"review being-chased and animal hub ownership"
HOLD,bull,FR,rêver de taureau,0,30,40,150,150,HOLD_OWNER_REVIEW,"review being-chased and animal hub ownership"
HOLD,bull,ES,soñar con toros,0,1000,4600,700,6200,HOLD_OWNER_REVIEW,"high Spanish demand but existing pursuit ownership"
HOLD,bull,US,dreaming about bulls,0,20,30,150,200,HOLD_OWNER_REVIEW,"review being-chased and animal hub ownership"
HOLD,tiger,IT,sognare tigri,0,100,100,600,600,HOLD_OWNER_REVIEW,"historical and recent GSC impressions already hit animal owners"
HOLD,tiger,DE,traumdeutung tiger,0,200,250,60,70,HOLD_OWNER_REVIEW,"historical and recent GSC impressions already hit animal owners"
HOLD,tiger,FR,rêver de tigre,0,60,80,350,350,HOLD_OWNER_REVIEW,"review lion and animal hub ownership"
HOLD,tiger,ES,soñar con tigres,0,150,1900,200,3000,HOLD_OWNER_REVIEW,"review lion and animal hub ownership"
HOLD,tiger,US,dreaming about tigers,1,80,150,1600,2600,HOLD_OWNER_REVIEW,"review lion and animal hub ownership"
HOLD,wild_boar,IT,sognare cinghiali,0,200,200,200,200,HOLD_OWNER_REVIEW,"historical and recent impressions already hit animal hubs"
HOLD,wild_boar,DE,traumdeutung wildschwein,0,200,250,150,150,HOLD_OWNER_REVIEW,"historical and recent impressions already hit animal hubs"
HOLD,wild_boar,FR,rêver de sanglier,0,70,70,30,30,HOLD_OWNER_REVIEW,"keep animal guide as hub"
HOLD,wild_boar,ES,soñar con jabalíes,0,30,50,40,100,HOLD_OWNER_REVIEW,"keep animal guide as hub"
HOLD,wild_boar,US,dreaming about wild boars,NOT_INDEXED,NA,NA,NA,NA,HOLD_OWNER_REVIEW,"keep animal guide as hub"
HOLD,church,IT,sognare chiesa,0,150,150,100,100,HOLD_INTENT,"qualify religion ceremony and place intents"
HOLD,church,DE,traumdeutung kirche,0,150,150,30,40,HOLD_INTENT,"qualify religion ceremony and place intents"
HOLD,church,FR,rêver d'église,0,20,20,100,100,HOLD_INTENT,"qualify religion ceremony and place intents"
HOLD,church,ES,soñar con iglesia,0,90,1700,50,900,HOLD_INTENT,"historical query is tied to an ex-partner ceremony"
HOLD,church,US,dreaming about church,0,10,40,10,20,HOLD_INTENT,"qualify religion ceremony and place intents"
