source_path,source_bytes,source_sha256,drive_file_id,drive_url,verification,keep_local
"marketing/seo/ahrefs/starter-2026-07-16/j1-j17-operational-history-2026-08-01.md","18655","5d78f82a5991f87c175b56cfc572ba65d089ae0891d3be8d474d823ac18baded","1yA4-fUA_205y3coTGzMjsKIwvtQcH8zD","https://drive.google.com/file/d/1yA4-fUA_205y3coTGzMjsKIwvtQcH8zD/view?usp=drivesdk","SHA256_READBACK","false"
"marketing/seo/ahrefs/starter-2026-07-16/j10-priorities-2026-07-25.csv","1291","106ff30bde80a0240b5c917c193e4e5b445b5901e1d33dd3494fe1be0204c65e","1O-L68iWvWbVQnr5NdUSBFdPal9f0QHQv","https://drive.google.com/file/d/1O-L68iWvWbVQnr5NdUSBFdPal9f0QHQv/view?usp=drivesdk","SHA256_READBACK","true"
"marketing/seo/ahrefs/starter-2026-07-16/j10-prioritization-2026-07-25.md","7085","afbc09cdc24b802c2e6573100638bf0cb270f60587ca8d5358d955417f03b043","1_WK5KKdnd_YJPm2l2wWTgLX-aoYb3KQc","https://drive.google.com/file/d/1_WK5KKdnd_YJPm2l2wWTgLX-aoYb3KQc/view?usp=drivesdk","SHA256_READBACK","true"
"marketing/seo/ahrefs/starter-2026-07-16/j18-confounder-control-2026-08-02.md","8358","85a79a73fdfc5f1c4dd5e61ca349d0c08e8d05120032740a4d59428d14ba1297","1XLBfKsDHXkefJJcZT2L26DoZy8TN_TS1","https://drive.google.com/file/d/1XLBfKsDHXkefJJcZT2L26DoZy8TN_TS1/view?usp=drivesdk","SHA256_READBACK","true"
"marketing/seo/ahrefs/starter-2026-07-16/j19-j23-operational-update-2026-08-07.md","5451","a43881afe28191a12217ab93cd17b8aeacc8c16fda7810a41b49446432407e61","13Ggy3myaM8N-TJRuvaIb-mQUsr1GlH0F","https://drive.google.com/file/d/13Ggy3myaM8N-TJRuvaIb-mQUsr1GlH0F/view?usp=drivesdk","SHA256_READBACK","false"
"marketing/seo/ahrefs/starter-2026-07-16/j24-decision-2026-08-08.md","2700","e605844b6083711663ab96b8a03f36dd34729b457c40fa2974beab954d7a7852","1qTU-KGH0vC5O_sgUVFFre6hL-SWdYBoX","https://drive.google.com/file/d/1qTU-KGH0vC5O_sgUVFFre6hL-SWdYBoX/view?usp=drivesdk","SHA256_READBACK","true"
"marketing/seo/ahrefs/starter-2026-07-16/j24-evidence-2026-08-08.csv","672","3f9c81aa3b2a10367bac1f86c3cbcda8b35d1c6bb085fa998ca74e6c373d8c14","1RD007AKaSyGAjY7khBLL15XxF_YIbv9w","https://drive.google.com/file/d/1RD007AKaSyGAjY7khBLL15XxF_YIbv9w/view?usp=drivesdk","SHA256_READBACK","true"
"marketing/seo/ahrefs/starter-2026-07-16/j26-competitive-keyword-gap-2026-08-10.md","8763","3177a73c4f15992ae4ffe440e000e6e39128695f8bc33d2e0b7035cf3491c094","1oMF5EqUzzULnvhX1uvAYsrZhSUjAQjpD","https://drive.google.com/file/d/1oMF5EqUzzULnvhX1uvAYsrZhSUjAQjpD/view?usp=drivesdk","SHA256_READBACK","false"
"marketing/seo/ahrefs/starter-2026-07-16/j26-gsc-content-opportunities-2026-08-10.md","20658","3711696d1e984d34ec9f309f65ac66c7d6da72a7591fb036ff9ddec1164e2b8f","1anCxrDa4wA2nbJ5LY6XeWZSlxpbHmK09","https://drive.google.com/file/d/1anCxrDa4wA2nbJ5LY6XeWZSlxpbHmK09/view?usp=drivesdk","SHA256_READBACK","false"
"marketing/seo/ahrefs/starter-2026-07-16/j26-j31-starter-utilization-plan-2026-08-10.md","11509","2e6dd853c49e046339392c694aacc5cc7e0bb6a299b5b7d1810a86ce81a22faf","17zWg06dqFUuKgeS4PHJhGfQI5-Hu41iK","https://drive.google.com/file/d/17zWg06dqFUuKgeS4PHJhGfQI5-Hu41iK/view?usp=drivesdk","SHA256_READBACK","false"
"marketing/seo/ahrefs/starter-2026-07-16/j26-new-content-summary-2026-08-10.md","5160","a2ea5d85915b4c473cbe44a8c998fa9fefbffb9f9d8b24e9a7e85a5c338be0b8","1tSuIvEIodeXKzA9kYpAF637CxV_2AMu0","https://drive.google.com/file/d/1tSuIvEIodeXKzA9kYpAF637CxV_2AMu0/view?usp=drivesdk","SHA256_READBACK","false"
"marketing/seo/ahrefs/starter-2026-07-16/j26-starter-execution-2026-08-10.md","17212","040a89882da32eb6b5766dc5dd46ea6056902e9aa7c0e6eab67def969d32c9d1","1A3IpQ7m2dQ6z5Yg9KugR3FNFHZp8wgfk","https://drive.google.com/file/d/1A3IpQ7m2dQ6z5Yg9KugR3FNFHZp8wgfk/view?usp=drivesdk","SHA256_READBACK","false"
"marketing/seo/ahrefs/starter-2026-07-16/j27-gsc-keyword-validation-2026-08-11.md","7249","972d5b58b2e5ff665b6c95e410f08f72608b9671a086158e08b8e0fc05c5963a","1Dn1_xKz86D_C4Yvy-O9Ms0W9HPXO-loc","https://drive.google.com/file/d/1Dn1_xKz86D_C4Yvy-O9Ms0W9HPXO-loc/view?usp=drivesdk","SHA256_READBACK","false"
"marketing/seo/ahrefs/starter-2026-07-16/j27-misabueso-gsc-ownership-2026-08-11.md","5358","8c5d5e7e06864fb23f3b238283eaf74c8c083b0117d27539b956ee4ae4493e75","1sNqeCh2pRYciuWo4gvMz_CKiyGFTEUxe","https://drive.google.com/file/d/1sNqeCh2pRYciuWo4gvMz_CKiyGFTEUxe/view?usp=drivesdk","SHA256_READBACK","false"
"marketing/seo/ahrefs/starter-2026-07-16/j27-misabueso-gsc-ownership-matrix-2026-08-11.csv","2156","8011e3f2708b318af16fe426eea2a723cd90c1e7295595cdc495d1c0adfe648d","1UTFCeuRvT6AfnrfhRFIYQ8RwUOdPH79Y","https://drive.google.com/file/d/1UTFCeuRvT6AfnrfhRFIYQ8RwUOdPH79Y/view?usp=drivesdk","SHA256_READBACK","false"
"marketing/seo/ahrefs/starter-2026-07-16/j27-ranking-expansion-2026-08-11.md","9726","1e56b5f5771578c3cc0bad932f03803e8b1e7544dfebcccbea6ba47b1eb0a6ea","16U3bfEP94mezu3169ZfrHknwJ9MyP_9b","https://drive.google.com/file/d/16U3bfEP94mezu3169ZfrHknwJ9MyP_9b/view?usp=drivesdk","SHA256_READBACK","false"
"marketing/seo/ahrefs/starter-2026-07-16/j27-ranking-expansion-execution-2026-08-11.md","19044","c1aff949780600769cde81bbc90cbf776b9e151d71e9d65f058473ef4f72c497","1YDgeqnMtGUxIh2ajKatwr-RJawXMkyko","https://drive.google.com/file/d/1YDgeqnMtGUxIh2ajKatwr-RJawXMkyko/view?usp=drivesdk","SHA256_READBACK","false"
"marketing/seo/ahrefs/starter-2026-07-16/j28-actionable-levers-execution-2026-08-12.md","8036","ed739b0f330dc5063375a160c4b1c7040671c2beab50718fe2e502dc6f1e982a","1s56WwK7DV1d5kxaY66lE-92VgmikfMw2","https://drive.google.com/file/d/1s56WwK7DV1d5kxaY66lE-92VgmikfMw2/view?usp=drivesdk","SHA256_READBACK","false"
"marketing/seo/ahrefs/starter-2026-07-16/j28-gsc-indexation-triage-2026-08-12.md","4999","106c469a5a79217d89f7e9cc0ae3134039df50d4623bae7c163a455475c5d889","1anEzXo3wy_gsI-P_xjfZFVdb6TTXQkRx","https://drive.google.com/file/d/1anEzXo3wy_gsI-P_xjfZFVdb6TTXQkRx/view?usp=drivesdk","SHA256_READBACK","false"
"marketing/seo/ahrefs/starter-2026-07-16/j29-authority-recovery-2026-08-13.md","6514","c48c70510fcb7e8bae00986d1542f302deab003841462f04fad555ae0dbde557","1bNOFiDwNBMl6Lx6Grj_R_Ml-xrSdUrjM","https://drive.google.com/file/d/1bNOFiDwNBMl6Lx6Grj_R_Ml-xrSdUrjM/view?usp=drivesdk","SHA256_READBACK","false"
"marketing/seo/ahrefs/starter-2026-07-16/j29-gsc-ahrefs-cluster-validation-2026-08-13.md","7302","fecf98df078c0e6079fa9008f6121b97cf4e57b58350fcd91f6ed5e43374b17d","1KvhWc4ZBCPLv9lLfNTYPYuWMCJ0RWgQT","https://drive.google.com/file/d/1KvhWc4ZBCPLv9lLfNTYPYuWMCJ0RWgQT/view?usp=drivesdk","SHA256_READBACK","false"
"marketing/seo/ahrefs/starter-2026-07-16/j29-j31-cemetery-implementation-brief-2026-08-13.md","16270","30d8102d405ffdd2fb4d36f058138040a85772d74df6fcb6001b8b2936fc1236","1D8IZOpt45NiPZHODulkcP7-eSIg6ggLN","https://drive.google.com/file/d/1D8IZOpt45NiPZHODulkcP7-eSIg6ggLN/view?usp=drivesdk","SHA256_READBACK","true"
"marketing/seo/ahrefs/starter-2026-07-16/j32-catch-up-2026-08-16.md","6000","894575a797e03a4a3f689420b2d5a98ff5736505f8f216ece297ab13e9032826","10wG_BzjTROqjCVGPRNjZdIvZpwgJg6ZO","https://drive.google.com/file/d/10wG_BzjTROqjCVGPRNjZdIvZpwgJg6ZO/view?usp=drivesdk","SHA256_READBACK","false"
"marketing/seo/ahrefs/starter-2026-07-16/j34-execution-2026-08-18.md","4268","b70d76d01db65b342a314802bc2ffa84f0e6b1f95b9f2e4cba7fad5eb1cff38a","16lipJbp8kK257lEG9cNdmo1mAdkG0_RI","https://drive.google.com/file/d/16lipJbp8kK257lEG9cNdmo1mAdkG0_RI/view?usp=drivesdk","SHA256_READBACK","true"
"marketing/seo/ahrefs/starter-2026-07-16/j35-exact-query-matching-2026-08-18.md","6329","b1b28fcbbe1964bdf76ab0e168399f397daa19bfb3e34b8c334070f12f7ec661","1BzLcKT_jD5_Kn5v8Q3WPtQMfPMEyAUhL","https://drive.google.com/file/d/1BzLcKT_jD5_Kn5v8Q3WPtQMfPMEyAUhL/view?usp=drivesdk","SHA256_READBACK","true"
"marketing/seo/ahrefs/starter-2026-07-16/j36-bread-implementation-brief-2026-08-20.md","3055","4ea928718b1a33cab05d5040760887822ec1ab53232926dcf7d076629dfd6850","1Efad7ectoLiihhcjcgUy6gYDvaccwZKo","https://drive.google.com/file/d/1Efad7ectoLiihhcjcgUy6gYDvaccwZKo/view?usp=drivesdk","SHA256_READBACK","true"
"marketing/seo/ahrefs/starter-2026-07-16/j36-execution-2026-08-20.md","7349","a90057c9b5d5513848c144318e9cb40d68fd9caf11b1d6f2595e814a9cb105a0","1U966vWeUhSrTMHAgsA7WWvb55hoszrS2","https://drive.google.com/file/d/1U966vWeUhSrTMHAgsA7WWvb55hoszrS2/view?usp=drivesdk","SHA256_READBACK","true"
"marketing/seo/ahrefs/starter-2026-07-16/j36-plan-2026-08-20.md","6403","e6ea2ec42c447b1023d3350be6ca5b7d40f421e719deecbb9a8f832309f9d665","1mv1MZpnddfyx5sX_BmZgT3HMGisvjk_C","https://drive.google.com/file/d/1mv1MZpnddfyx5sX_BmZgT3HMGisvjk_C/view?usp=drivesdk","SHA256_READBACK","true"
"marketing/seo/ahrefs/starter-2026-07-16/j37-execution-2026-08-21.md","8841","66f6cc9a32f20ebaa1e30af015fed21a846013e68970b6b2ddff4576a5f7419e","1Qj-iNPTSEpIbHpIpNnKImd6YpW9yL1k8","https://drive.google.com/file/d/1Qj-iNPTSEpIbHpIpNnKImd6YpW9yL1k8/view?usp=drivesdk","SHA256_READBACK","true"
"marketing/seo/ahrefs/starter-2026-07-16/j37-plan-2026-08-21.md","7809","99636bb72ed1957d7fa2242aa0a248f4eb9402a2433470514e337a8c0f4dab8a","1CIDu2ZR9EfHP5oUaM_RusXdPiuzdEKRW","https://drive.google.com/file/d/1CIDu2ZR9EfHP5oUaM_RusXdPiuzdEKRW/view?usp=drivesdk","SHA256_READBACK","true"
"marketing/seo/ahrefs/starter-2026-07-16/j38-execution-2026-08-22.md","8574","d37bf131664b6a02c411b927b907590d96e0e5d795ad987b9bea2f60e16699f6","10A707XHN37uxArEq7yHk1yoqJrZBnxys","https://drive.google.com/file/d/10A707XHN37uxArEq7yHk1yoqJrZBnxys/view?usp=drivesdk","SHA256_READBACK","true"
"marketing/seo/ahrefs/starter-2026-07-16/j38-plan-2026-08-22.md","13147","fa4577bb01fdcb05896d69842b96e22cb18760d1d17f85b07e070d03abecfb3d","1SttIB0nPDfFH5iqqFhnVMc5ABtL3TPEY","https://drive.google.com/file/d/1SttIB0nPDfFH5iqqFhnVMc5ABtL3TPEY/view?usp=drivesdk","SHA256_READBACK","true"
"marketing/seo/ahrefs/starter-2026-07-16/j39-p0-p1-execution-2026-08-23.md","3100","58350188b5b11677bfcd1172908c6e31555228e3536ede1fb1a2476ff7642f29","1ra8rBnTWp55en2Avmgyp1hYYnqHzElC8","https://drive.google.com/file/d/1ra8rBnTWp55en2Avmgyp1hYYnqHzElC8/view?usp=drivesdk","SHA256_READBACK","true"
"marketing/seo/backlink-execution-decision-board-2026-08-09.md","67254","cc60c22557d82b65926b7723894a566aa9e1cf1c444a4545f6089130b317cddc","1wwkxH7HJ52EoyBrk5cqC9BRsCVEQqwgP","https://drive.google.com/file/d/1wwkxH7HJ52EoyBrk5cqC9BRsCVEQqwgP/view?usp=drivesdk","SHA256_READBACK","true"
"marketing/seo/backlink-follow-up-stop-check-2026-08-09.md","12884","5ca031eb2464f866eaee71c4b2fad5c34dac54582b8d2be15e055d5382259d5a","1ud63TBE1CGf_Dr5H1krR4nWjUnfLkZci","https://drive.google.com/file/d/1ud63TBE1CGf_Dr5H1krR4nWjUnfLkZci/view?usp=drivesdk","SHA256_READBACK","true"
"marketing/seo/backlink-measurement-check-2026-08-03-1415.md","1294","d6b5893b79e13769f996b8c077ef16947fb3353f6f196b7642a7235f025a6530","1ZaeTJ8MvHo4o6EqethNEU4SNHV3UcGTj","https://drive.google.com/file/d/1ZaeTJ8MvHo4o6EqethNEU4SNHV3UcGTj/view?usp=drivesdk","SHA256_READBACK","false"
"marketing/seo/backlink-measurement-check-2026-08-03-2112.md","1507","29f50145c87cb32c5b406ace514b163e03b73c18bf1c66c8e15ec72a4ae218d6","1yF6GzapA9G_RJmJUzf-4pXLUV-VYgHxj","https://drive.google.com/file/d/1yF6GzapA9G_RJmJUzf-4pXLUV-VYgHxj/view?usp=drivesdk","SHA256_READBACK","false"
"marketing/seo/backlink-measurement-check-2026-08-03-2150.md","2167","a88614f35680290d10bdb22b91bb853dc18b24467da1fad119b1581ca8e62d72","1U9j5KyIE0DUv1-AiYpeBd-6mWf9wbFhH","https://drive.google.com/file/d/1U9j5KyIE0DUv1-AiYpeBd-6mWf9wbFhH/view?usp=drivesdk","SHA256_READBACK","false"
"marketing/seo/backlink-measurement-check-2026-08-03-2212.md","2291","848a55d02bf3c65efd0c574d4e3bfb00aac69dc301a40bade139e87a864197b2","1Q-1lfKEQ2ibgnWV_RnlAmmxHgI0vzHy3","https://drive.google.com/file/d/1Q-1lfKEQ2ibgnWV_RnlAmmxHgI0vzHy3/view?usp=drivesdk","SHA256_READBACK","false"
"marketing/seo/backlink-measurement-check-2026-08-03-2355.md","2616","c4a9d18f4131a0c513d23b6c448603ea85337c336db63078e7ca1d6682e7ae1b","1vrSQLM3h2odaG1dg22hTF-qJC_yafOoE","https://drive.google.com/file/d/1vrSQLM3h2odaG1dg22hTF-qJC_yafOoE/view?usp=drivesdk","SHA256_READBACK","false"
"marketing/seo/backlink-measurement-check-2026-08-04-1650.md","1671","0f9586ec02e281d703f828de729be7f68bd1b64309c10b7e02ce943c0ec183be","1WsOX_KJrAgS4Gfd6dM6xMNoJXDQz5gpd","https://drive.google.com/file/d/1WsOX_KJrAgS4Gfd6dM6xMNoJXDQz5gpd/view?usp=drivesdk","SHA256_READBACK","false"
"marketing/seo/backlink-measurement-check-2026-08-04-1721.md","854","6929b00764a8776ed4322e9fd87503b0056f6468b96fe9e4d5655d2bab93b3a3","1lsHzIL0eFBRPmS7quaGu9U7MuS-rOSVC","https://drive.google.com/file/d/1lsHzIL0eFBRPmS7quaGu9U7MuS-rOSVC/view?usp=drivesdk","SHA256_READBACK","false"
"marketing/seo/backlink-measurement-check-2026-08-04-1822.md","1037","a92e333a3adca0892d098d23bb93ae5e46db6f4ac9ddd0ccbbae58a4ae671d50","1Lhi_7JxqeWbchsMic3TmAiCkNcu_deop","https://drive.google.com/file/d/1Lhi_7JxqeWbchsMic3TmAiCkNcu_deop/view?usp=drivesdk","SHA256_READBACK","false"
"marketing/seo/backlink-measurement-check-2026-08-09-1512.md","2475","7992c5e6a0aed5a2082ea15f89fc233c239d47d51b3cb393d7f083676d27b7fe","174t6isEyfHvtbQCAwbB9UC4iCscyDQJz","https://drive.google.com/file/d/174t6isEyfHvtbQCAwbB9UC4iCscyDQJz/view?usp=drivesdk","SHA256_READBACK","false"
"marketing/seo/backlink-measurement-check-2026-08-09-1558.md","2195","9b7197e4f763f353a239051d65243b95891d2185036613ef12019424f7fb11e4","1gjrGmH2aPo2zVa6KcywkhcKNvUd_-tMX","https://drive.google.com/file/d/1gjrGmH2aPo2zVa6KcywkhcKNvUd_-tMX/view?usp=drivesdk","SHA256_READBACK","false"
"marketing/seo/backlink-measurement-check-2026-08-10-0019.md","3679","fdcc28825cf6025c6ad7accfa3929293ad851c0a252cb9b7a99c2e3422aa5df3","1xk8pRs_I8I3U_IaebV0g-OQ6r8e7hXnZ","https://drive.google.com/file/d/1xk8pRs_I8I3U_IaebV0g-OQ6r8e7hXnZ/view?usp=drivesdk","SHA256_READBACK","false"
"marketing/seo/backlink-measurement-check-2026-08-10-0233.md","3270","adad93c1371d34779692a240e5638ab87c303e651d2bc02844c6d6b63c2569a0","1tPjYJMRjqXfNm3tDsLD08RrROX_YQyYt","https://drive.google.com/file/d/1tPjYJMRjqXfNm3tDsLD08RrROX_YQyYt/view?usp=drivesdk","SHA256_READBACK","false"
"marketing/seo/backlink-measurement-check-2026-08-10-2230.md","2248","f7589307cd2991b8bf975b2977e0367db3c302de479d9859a072a8e38253e04c","1v4Sl-5DQDrShd5oxWQ6N9UDEbUrddyIH","https://drive.google.com/file/d/1v4Sl-5DQDrShd5oxWQ6N9UDEbUrddyIH/view?usp=drivesdk","SHA256_READBACK","false"
"marketing/seo/backlink-measurement-check-2026-08-10-2251.md","1490","5d4f28133e7eba309bb70fe98ae0c02f7e627b7e8b05a53ac2fd20b0bc2de662","198-ZBexPOba-ga5CiFjAJY5xZWegf-FE","https://drive.google.com/file/d/198-ZBexPOba-ga5CiFjAJY5xZWegf-FE/view?usp=drivesdk","SHA256_READBACK","false"
"marketing/seo/backlink-measurement-check-2026-08-13-0049.md","2982","fc210cff50b37d5a886f36c157fab92ab25e0de7d38369db23a742b721ab6e31","1VtYMFicy4gDig0kOBWZ1uRZtm7Xl0BYb","https://drive.google.com/file/d/1VtYMFicy4gDig0kOBWZ1uRZtm7Xl0BYb/view?usp=drivesdk","SHA256_READBACK","false"
"marketing/seo/backlink-measurement-check-2026-08-14-0409.md","3843","80f65c27f4743fcb55e66dca99b2789c637ef369af503093d4131cea04d2ed5c","1h2CoMep1nA59_IHFOHS79HOod9Zp_kWd","https://drive.google.com/file/d/1h2CoMep1nA59_IHFOHS79HOod9Zp_kWd/view?usp=drivesdk","SHA256_READBACK","false"
"marketing/seo/backlink-outcome-monitor-wave-52-2026-08-13.md","3178","1bc9f7462dcaaa6b96ede7497cc06bf26e4697d85a86f8813949c3202939bfa5","1D4NNNZfJUC6oyxB1fEsc_SU_6PKHgFPO","https://drive.google.com/file/d/1D4NNNZfJUC6oyxB1fEsc_SU_6PKHgFPO/view?usp=drivesdk","SHA256_READBACK","false"
"marketing/seo/backlink-public-citation-check-2026-08-04-1726.md","1043","1d25e6bc1c921a0fe0d05d7bcdae7d878385f7eeb122a32176edfbd9af6fe207","1Cm-pjX0lskVTj7cQbU6BTvu2i6yXp43i","https://drive.google.com/file/d/1Cm-pjX0lskVTj7cQbU6BTvu2i6yXp43i/view?usp=drivesdk","SHA256_READBACK","false"
"marketing/seo/competitor-citation-gap-wave-40-2026-08-10.md","4914","883f3716d59df24e533408acc27a7cf6bdeedf2966b53c419d9c0104ffb8994a","1nol4XORJm7vcNCDHGFXSivmzhmnWBJys","https://drive.google.com/file/d/1nol4XORJm7vcNCDHGFXSivmzhmnWBJys/view?usp=drivesdk","SHA256_READBACK","false"
"marketing/seo/competitor-citation-gap-wave-41-2026-08-10.md","3416","87f426a64f2d9670a5b039625a79bae5a382e31584d6ca293c784ef65f3ccfd3","12TjsAThgg2JX4PFPmkBHg5_r1YSBIZwY","https://drive.google.com/file/d/12TjsAThgg2JX4PFPmkBHg5_r1YSBIZwY/view?usp=drivesdk","SHA256_READBACK","false"
"marketing/seo/competitor-citation-gap-wave-42-2026-08-10.md","4166","740dba22b398994aef23ba0dd0dfb1b127b00ccbe48f481a0d23e93161b3a7da","1eM2GQpRBakgiH9fj05QZOYDENMKhkgfi","https://drive.google.com/file/d/1eM2GQpRBakgiH9fj05QZOYDENMKhkgfi/view?usp=drivesdk","SHA256_READBACK","false"
"marketing/seo/competitor-citation-gap-wave-43-2026-08-10.md","5672","049784f359dadd056cf913e683fb06c213bd7fd324535b37818db7b96f20d392","1eqzaQq1pIZr6Jnx00yZcoxW3JdcNfkF-","https://drive.google.com/file/d/1eqzaQq1pIZr6Jnx00yZcoxW3JdcNfkF-/view?usp=drivesdk","SHA256_READBACK","false"
"marketing/seo/competitor-citation-gap-wave-44-2026-08-10.md","6862","baba546e629f9d630019d3f9c4db55ddeb5b2d055394217afb774a23a2008752","1KkSierQGSK3m1Vk22EH0Yl5lIKnOAiKr","https://drive.google.com/file/d/1KkSierQGSK3m1Vk22EH0Yl5lIKnOAiKr/view?usp=drivesdk","SHA256_READBACK","false"
"marketing/seo/editorial-discovery-wave-10-2026-08-03.md","3411","c1e66f6f294c3a6d6c46645b8fc003f834cc8c16ed875bdca9db0e896b73a7e2","1mMh9Ef5ZOq9I2EMS6y4IOrePb11CeUAj","https://drive.google.com/file/d/1mMh9Ef5ZOq9I2EMS6y4IOrePb11CeUAj/view?usp=drivesdk","SHA256_READBACK","false"
"marketing/seo/editorial-discovery-wave-11-2026-08-03.md","2986","0ecb562d4d7d1edc559ed70da690117e3ebdf56ead6de3799d02adc64f352e63","1ye3cQD9zJJTlr0pu4GfAHperKlkuy1vM","https://drive.google.com/file/d/1ye3cQD9zJJTlr0pu4GfAHperKlkuy1vM/view?usp=drivesdk","SHA256_READBACK","false"
"marketing/seo/editorial-discovery-wave-12-2026-08-03.md","3453","8cd4851e3af6402668a35f631c0e604885a1c3d74bee9d1100f79503f51f470f","1bW53HEd054iF7UmieBJ9lJRKr9Qw_Uoi","https://drive.google.com/file/d/1bW53HEd054iF7UmieBJ9lJRKr9Qw_Uoi/view?usp=drivesdk","SHA256_READBACK","false"
"marketing/seo/editorial-discovery-wave-13-2026-08-03.md","2111","d934324c13f02856cd3ede42621830db7f3dda0ff721f8c3962e47c49a02f728","1b5u7Tht4nAbdZsdB9eePusHtPC5g6T7g","https://drive.google.com/file/d/1b5u7Tht4nAbdZsdB9eePusHtPC5g6T7g/view?usp=drivesdk","SHA256_READBACK","false"
"marketing/seo/editorial-discovery-wave-14-2026-08-03.md","3411","11a335d54d7b64cc4ebd1f5e2adc2e9d0199e3b48b3b968a440912a4793cc046","1yJgNzdUkTCTJ6aTAsXX-Kxoo2rVHZdrb","https://drive.google.com/file/d/1yJgNzdUkTCTJ6aTAsXX-Kxoo2rVHZdrb/view?usp=drivesdk","SHA256_READBACK","false"
"marketing/seo/editorial-discovery-wave-15-2026-08-03.md","5500","740b3f8b3ffa4efd034cd2c930417ae001cff26764f280b2456a9c530bdf758c","1xh0CGD-ttzylO-sEXC1HVI_oepcKRYmX","https://drive.google.com/file/d/1xh0CGD-ttzylO-sEXC1HVI_oepcKRYmX/view?usp=drivesdk","SHA256_READBACK","false"
"marketing/seo/editorial-discovery-wave-16-2026-08-03.md","5622","a0a1f06d0f8446697e26d8f1b7df86616ab5e0b17de7ff4d1824fbe7598bbbf5","175_-ye3Sr0MNqqCm9-r1_-xVQwyKE7Ia","https://drive.google.com/file/d/175_-ye3Sr0MNqqCm9-r1_-xVQwyKE7Ia/view?usp=drivesdk","SHA256_READBACK","false"
"marketing/seo/editorial-discovery-wave-17-2026-08-03.md","2170","ab5ac89a0a5324bf2850e001da5c6a38e6ad4833e44ca05eda09f4db8a7bef07","19hL1SED-wk_pWpWVTUqRAO4aX5MnFVgK","https://drive.google.com/file/d/19hL1SED-wk_pWpWVTUqRAO4aX5MnFVgK/view?usp=drivesdk","SHA256_READBACK","false"
"marketing/seo/editorial-discovery-wave-18-2026-08-03.md","2110","0c06249c5e184a4d627e1459d95d5f485eabf3a906db68de4c2c856c23dc202c","1Fv0pXKdF1RY5Jm7NcbbJPuo6AL8sRnmF","https://drive.google.com/file/d/1Fv0pXKdF1RY5Jm7NcbbJPuo6AL8sRnmF/view?usp=drivesdk","SHA256_READBACK","false"
"marketing/seo/editorial-discovery-wave-19-2026-08-03.md","1815","ed4c9dc051b5dda5183af39124b3d2c63483540ecccc4f80f450ab8c74633afa","1CPzvoOE9UPL2lerjiXc23ZeEeOXXZB6l","https://drive.google.com/file/d/1CPzvoOE9UPL2lerjiXc23ZeEeOXXZB6l/view?usp=drivesdk","SHA256_READBACK","false"
"marketing/seo/editorial-discovery-wave-20-2026-08-03.md","1640","f3e030164842a2f771798c7c521e7c7dee48291e00c847a857ec8bb694f6c331","1jxbijMYZnF9MJW6ZCsPHv-LbsqZOhG8q","https://drive.google.com/file/d/1jxbijMYZnF9MJW6ZCsPHv-LbsqZOhG8q/view?usp=drivesdk","SHA256_READBACK","false"
"marketing/seo/editorial-discovery-wave-21-2026-08-03.md","4423","3292bde5fd217496dffd0444b385f3c7dbbe34e073c195129df4ef2e62c74758","1ZTkMSMBeu7mh9F-anc0oDIqF6hJ9K0hx","https://drive.google.com/file/d/1ZTkMSMBeu7mh9F-anc0oDIqF6hJ9K0hx/view?usp=drivesdk","SHA256_READBACK","false"
"marketing/seo/editorial-discovery-wave-22-2026-08-03.md","4543","a057dbe8c2f74474ba5a135504c31f53c2318f15ab0edb74280e9fd58511d0f1","1Y-fh1sWSGqOhcHwOjEmE1EBne9WruNAS","https://drive.google.com/file/d/1Y-fh1sWSGqOhcHwOjEmE1EBne9WruNAS/view?usp=drivesdk","SHA256_READBACK","false"
"marketing/seo/editorial-discovery-wave-23-2026-08-04.md","3387","4bbe3de2b533f5d07246f67f02851c98006b5f54b3c7498ad46329ee01f97dfa","1We7wKU2wCPgRNEtyEg5C3gb1JrVVzj_L","https://drive.google.com/file/d/1We7wKU2wCPgRNEtyEg5C3gb1JrVVzj_L/view?usp=drivesdk","SHA256_READBACK","false"
"marketing/seo/editorial-discovery-wave-24-2026-08-04.md","2751","139402f0b33b2c9b36c536078f08d9fdf1cb2f87d4a3a17bb332a9941658817c","1lYHG5BLQWHmRE7WzTVQcp9nsEQ6UQb-J","https://drive.google.com/file/d/1lYHG5BLQWHmRE7WzTVQcp9nsEQ6UQb-J/view?usp=drivesdk","SHA256_READBACK","false"
"marketing/seo/editorial-discovery-wave-25-2026-08-04.md","3823","9161a62583518101fcf71e40dd4bb9f7b505bc614f31cc2cac0cd6c9f61b3861","1QBy4wMfqeeU1OysJdc8BvspO4ESmtnRL","https://drive.google.com/file/d/1QBy4wMfqeeU1OysJdc8BvspO4ESmtnRL/view?usp=drivesdk","SHA256_READBACK","false"
"marketing/seo/editorial-discovery-wave-26-2026-08-04.md","2769","fffb0b3efcc408f983b5856a47225e7220a13c816f36e84a56aa35a1cd90d876","19IYGs8DB0AmrYH1iCmOhy2mw7R7EkY3C","https://drive.google.com/file/d/19IYGs8DB0AmrYH1iCmOhy2mw7R7EkY3C/view?usp=drivesdk","SHA256_READBACK","false"
"marketing/seo/editorial-discovery-wave-27-2026-08-04.md","3707","3a7f102d0edcd085659611a9bd1da13d858ef106c4fe8b60b221fa3e7da7c633","1KbxUjAM-ppG6OxyeH6C6HR8HHI85YaP9","https://drive.google.com/file/d/1KbxUjAM-ppG6OxyeH6C6HR8HHI85YaP9/view?usp=drivesdk","SHA256_READBACK","false"
"marketing/seo/editorial-discovery-wave-28-2026-08-09.md","2521","b3200d3fd0112d942fded5b44441fb8292d4cbcac930ccba0a0fc609749fc261","1zEuTIUv34EtCSCwZSGIxgKC-g2ZReQgo","https://drive.google.com/file/d/1zEuTIUv34EtCSCwZSGIxgKC-g2ZReQgo/view?usp=drivesdk","SHA256_READBACK","false"
"marketing/seo/editorial-discovery-wave-29-2026-08-09.md","2833","dbf7da58bb0cf5ca0949f4a8e50552d58b2b210d8b35f7b07599c0977b90d833","1n5wBr4DiN-WVS35npGCofFp_kCR6SktT","https://drive.google.com/file/d/1n5wBr4DiN-WVS35npGCofFp_kCR6SktT/view?usp=drivesdk","SHA256_READBACK","false"
"marketing/seo/editorial-discovery-wave-3-2026-08-03.md","4476","e1cbc6c769f65244d4e26a60146332a7f3fe13eb08a9a04a5b5fe50a07fe17c1","1p29ke6g_lA-40JTy_KNLPSLZOS-H5ULa","https://drive.google.com/file/d/1p29ke6g_lA-40JTy_KNLPSLZOS-H5ULa/view?usp=drivesdk","SHA256_READBACK","false"
"marketing/seo/editorial-discovery-wave-30-2026-08-09.md","3142","6f5ca0dc2c6557bbf300bb90effa1f0d0593a42d533bfa1af0e133a8718f1e56","1WwgndhHFVDaYRIgnh4NdjnYPe2mPNFYF","https://drive.google.com/file/d/1WwgndhHFVDaYRIgnh4NdjnYPe2mPNFYF/view?usp=drivesdk","SHA256_READBACK","false"
"marketing/seo/editorial-discovery-wave-31-2026-08-09.md","3159","50490cdc8517c46d345f12a779c836b6ef632de33cc2ad8d4aa7bf53adfc9b81","11y4UJWAXe5hnmBeBl3ccm-QoVPT7M1Z8","https://drive.google.com/file/d/11y4UJWAXe5hnmBeBl3ccm-QoVPT7M1Z8/view?usp=drivesdk","SHA256_READBACK","false"
"marketing/seo/editorial-discovery-wave-32-2026-08-09.md","2430","526c015a23fbccd591fc3ed288922b6cad59eaf8172ed3ff0ad1829bb420d246","1A_Lq2HMcjv-DytRQC3zf5LHBGsTjI3Kg","https://drive.google.com/file/d/1A_Lq2HMcjv-DytRQC3zf5LHBGsTjI3Kg/view?usp=drivesdk","SHA256_READBACK","false"
"marketing/seo/editorial-discovery-wave-33-2026-08-09.md","2671","5041e0a275ee9154efb964a3d5479637d0771de3724689fbc461b474a9b62adb","1SybfoP3H-QqsXlgxft5JhQcZrMQdt2zk","https://drive.google.com/file/d/1SybfoP3H-QqsXlgxft5JhQcZrMQdt2zk/view?usp=drivesdk","SHA256_READBACK","false"
"marketing/seo/editorial-discovery-wave-34-2026-08-09.md","5112","3ee9c2f7967825608846699fb6b275d9d05ce2f53dd2e3590a4ce54108311608","1WwiPnoRXy5AztsPjP_ofTAOTtTbiGsIx","https://drive.google.com/file/d/1WwiPnoRXy5AztsPjP_ofTAOTtTbiGsIx/view?usp=drivesdk","SHA256_READBACK","false"
"marketing/seo/editorial-discovery-wave-35-dreamkit-reclamation-2026-08-09.md","6306","2933ee96f5d7cb18487715ab276f1c1d51e65412be530c9f14351e9a56956086","1d4wU2LYGvWhZiyo2kASHrAsY3GFT6jl2","https://drive.google.com/file/d/1d4wU2LYGvWhZiyo2kASHrAsY3GFT6jl2/view?usp=drivesdk","SHA256_READBACK","false"
"marketing/seo/editorial-discovery-wave-36-2026-08-10.md","1866","6e97bfb457a6d8173d15614147cc40ee3c749ac47241638417383d86dc076b21","18JiiN1gPANyL1uM9MuJFCXNsGrW077XC","https://drive.google.com/file/d/18JiiN1gPANyL1uM9MuJFCXNsGrW077XC/view?usp=drivesdk","SHA256_READBACK","false"
"marketing/seo/editorial-discovery-wave-38-2026-08-10.md","3733","4c417933d9b2835024d204e9d73c6a9608b9a8ebce3eb8c49bd1b418e2ec746d","1S6elOnhgBQ-aXVe2OsnFhUWgmMPIIUqI","https://drive.google.com/file/d/1S6elOnhgBQ-aXVe2OsnFhUWgmMPIIUqI/view?usp=drivesdk","SHA256_READBACK","false"
"marketing/seo/editorial-discovery-wave-39-2026-08-10.md","3768","13fbc2f64d2a983f934511f5faf98550b07f56319af66115aa79b8cb8dc44af8","1mUkcJHsDcVtTebUxojXxTnaWCKX3cOnd","https://drive.google.com/file/d/1mUkcJHsDcVtTebUxojXxTnaWCKX3cOnd/view?usp=drivesdk","SHA256_READBACK","false"
"marketing/seo/editorial-discovery-wave-4-2026-08-03.md","3368","5b04c1fb6ad0d198a5accf66998a0907499cf6476101f550c7567b1a0b11ca24","1yGEd1iIAUIviPTXxhB0mBBUGlsjDrTwk","https://drive.google.com/file/d/1yGEd1iIAUIviPTXxhB0mBBUGlsjDrTwk/view?usp=drivesdk","SHA256_READBACK","false"
"marketing/seo/editorial-discovery-wave-46-2026-08-10.md","2509","8e3edd6404f820c622595edb05c5ed26e7fb14b78d4c2e5303f428dd0facdc2e","1BL0JA7lSKbXBCe3H6N-0j9FxrMsf7BbK","https://drive.google.com/file/d/1BL0JA7lSKbXBCe3H6N-0j9FxrMsf7BbK/view?usp=drivesdk","SHA256_READBACK","false"
"marketing/seo/editorial-discovery-wave-47-2026-08-10.md","2581","2eadfddb48c590e2a6a8b072942c047a53b47b95de829724e382b3a795416515","1ERi7O6M1iJ9UdXIKrxKya-rY9ZZkRf5K","https://drive.google.com/file/d/1ERi7O6M1iJ9UdXIKrxKya-rY9ZZkRf5K/view?usp=drivesdk","SHA256_READBACK","false"
"marketing/seo/editorial-discovery-wave-48-2026-08-13.md","5014","715f2fd9de7e5ef5ea129c2eaae5296146d409508665cb3639732efbf17ece95","1gV-bLxAoSwq7_UNj5S2h8BN228zS4LXM","https://drive.google.com/file/d/1gV-bLxAoSwq7_UNj5S2h8BN228zS4LXM/view?usp=drivesdk","SHA256_READBACK","false"
"marketing/seo/editorial-discovery-wave-49-2026-08-13.md","3640","275337afe77ed576a24802b6d1be1499c33ccbaac71dac97643b7604e02a523b","1DzxQGcHVZxS8WRht2l_Podnx2OzXYeER","https://drive.google.com/file/d/1DzxQGcHVZxS8WRht2l_Podnx2OzXYeER/view?usp=drivesdk","SHA256_READBACK","false"
"marketing/seo/editorial-discovery-wave-5-2026-08-03.md","2003","ba770fd3e37038e59eb37f0eb3c31a1ffd5273c0ba93e049ed8b977aae6d292d","1yyWFF2kxxQ6I4nhKGPpgJQsA0aA2HFIq","https://drive.google.com/file/d/1yyWFF2kxxQ6I4nhKGPpgJQsA0aA2HFIq/view?usp=drivesdk","SHA256_READBACK","false"
"marketing/seo/editorial-discovery-wave-50-2026-08-13.md","3197","7b2de39176d881bade20be00e794494f8c7ed57a5ba9be159e9e5e5178cd821c","1MVnC3zE1H-bpX3FnqBNmFdGUUmmr4nG_","https://drive.google.com/file/d/1MVnC3zE1H-bpX3FnqBNmFdGUUmmr4nG_/view?usp=drivesdk","SHA256_READBACK","false"
"marketing/seo/editorial-discovery-wave-51-2026-08-13.md","4442","5f598a37d0efa58674e1ddd049246c8de743e9c29ec79f805c157fff1f64ab1a","1IRsr2Vo1BZZctM4XeBtRAnmTxpCfKN8g","https://drive.google.com/file/d/1IRsr2Vo1BZZctM4XeBtRAnmTxpCfKN8g/view?usp=drivesdk","SHA256_READBACK","false"
"marketing/seo/editorial-discovery-wave-53-2026-08-13.md","2859","ddfa318ef99576a586571762931a4bb43d1f911f03c1a1a01dee311c65209977","18kyT5iAzTXz8ak6_HjIH-EYRQswtYwg9","https://drive.google.com/file/d/18kyT5iAzTXz8ak6_HjIH-EYRQswtYwg9/view?usp=drivesdk","SHA256_READBACK","false"
"marketing/seo/editorial-discovery-wave-54-2026-08-13.md","3801","3d4ac1e364678ad1dec22caf46eb4963c28d820cf6bda366ab409af20ec71c41","17UX7niUMRmYoAGx786Mtq-TFAhUyqOIH","https://drive.google.com/file/d/17UX7niUMRmYoAGx786Mtq-TFAhUyqOIH/view?usp=drivesdk","SHA256_READBACK","false"
"marketing/seo/editorial-discovery-wave-55-2026-08-13.md","4006","053d03952da52dbe2b07776d9c887688b2a4cb7aa48568c775b317c77796f042","10GVyToTL7CnwAmyhguEgr_uxKRITk9XA","https://drive.google.com/file/d/10GVyToTL7CnwAmyhguEgr_uxKRITk9XA/view?usp=drivesdk","SHA256_READBACK","false"
"marketing/seo/editorial-discovery-wave-56-2026-08-13.md","3346","b28432a023bc177cfc8b8d4eb40bf96d4633ff9a2be733348d4b38119e6d37ca","1-V587uHDt444utAg2eEw2JP7FWjAqoyd","https://drive.google.com/file/d/1-V587uHDt444utAg2eEw2JP7FWjAqoyd/view?usp=drivesdk","SHA256_READBACK","false"
"marketing/seo/editorial-discovery-wave-57-2026-08-13.md","3501","f1974e1126e5335802345afd404bc1765d84b914428028419e0816f9e317d846","1GL-YG4TILyei2Joz-81s2F2eDGudkNU3","https://drive.google.com/file/d/1GL-YG4TILyei2Joz-81s2F2eDGudkNU3/view?usp=drivesdk","SHA256_READBACK","false"
"marketing/seo/editorial-discovery-wave-58-2026-08-13.md","3241","7bd0da1dd9f9e6e5126684024f461d102034a52c91834797e84ab3d5cb941cdb","1hBYa2nhfqVTz0bvk0Q6pRdXbmvbHjsJF","https://drive.google.com/file/d/1hBYa2nhfqVTz0bvk0Q6pRdXbmvbHjsJF/view?usp=drivesdk","SHA256_READBACK","false"
"marketing/seo/editorial-discovery-wave-59-2026-08-13.md","3355","d4c70c7d3285e8fe7585695e607ec41e7cdb9a1b17d9b5b76fbf95f8266d9086","19vCR7UNeJOLdmrbaU55yR2BHR2WFBWyG","https://drive.google.com/file/d/19vCR7UNeJOLdmrbaU55yR2BHR2WFBWyG/view?usp=drivesdk","SHA256_READBACK","false"
"marketing/seo/editorial-discovery-wave-6-2026-08-03.md","3728","95a4f82be1dbe336d85756a7efde9adad10cfd2c40bda8d2a65e7cd64dc004f6","1SmlyIy_xxwovRdOBvvmYd1Mdz2GjW_40","https://drive.google.com/file/d/1SmlyIy_xxwovRdOBvvmYd1Mdz2GjW_40/view?usp=drivesdk","SHA256_READBACK","false"
"marketing/seo/editorial-discovery-wave-60-2026-08-14.md","3614","1bfdeaf3c81f74f0ea548149efc5ec1b174166ea042e1291b0728583b05915ff","15zKkIXYOAV_zqhUYifQ0qRiShnL2dgg_","https://drive.google.com/file/d/15zKkIXYOAV_zqhUYifQ0qRiShnL2dgg_/view?usp=drivesdk","SHA256_READBACK","false"
"marketing/seo/editorial-discovery-wave-61-2026-08-14.md","4280","27afe3c26f4807ff505e8c1c95ac43e588cf1eda58729eb64d1e7dc0fa37d7a0","1Eri0Bmyg3zFL0Pjod1cAgpWuZSbbr9zR","https://drive.google.com/file/d/1Eri0Bmyg3zFL0Pjod1cAgpWuZSbbr9zR/view?usp=drivesdk","SHA256_READBACK","false"
"marketing/seo/editorial-discovery-wave-62-2026-08-14.md","4102","fd2e5b0783a4f182a825d77f86dcac712c1af721b532c7d8276b72186017dae8","137__d5mHDwWeCkuURAC0ysthc8KSGgK1","https://drive.google.com/file/d/137__d5mHDwWeCkuURAC0ysthc8KSGgK1/view?usp=drivesdk","SHA256_READBACK","false"
"marketing/seo/editorial-discovery-wave-63-2026-08-14.md","2889","6de8217ee03c758835541cfc2f076bf676003ec817763a9db20cf987ad3c6042","1alKooadr0VJpK0Ri_D4xY5MT8dEY6amL","https://drive.google.com/file/d/1alKooadr0VJpK0Ri_D4xY5MT8dEY6amL/view?usp=drivesdk","SHA256_READBACK","false"
"marketing/seo/editorial-discovery-wave-64-2026-08-14.md","2516","9d44773819ee463b7abbb4126fdec7fac4a62346a91d5437db4b1af7a5f48155","1x9aUSYHFE7oH0YA5frLcLMsp1z8O6IQe","https://drive.google.com/file/d/1x9aUSYHFE7oH0YA5frLcLMsp1z8O6IQe/view?usp=drivesdk","SHA256_READBACK","false"
"marketing/seo/editorial-discovery-wave-65-2026-08-14.md","2728","629ca09eb3259559689c5a7a9b1b390f1f33437c80f497b462946c7afe274fda","1sKoQAeE3Wy_RQeIrbKodB0cFELHkOXWY","https://drive.google.com/file/d/1sKoQAeE3Wy_RQeIrbKodB0cFELHkOXWY/view?usp=drivesdk","SHA256_READBACK","false"
"marketing/seo/editorial-discovery-wave-66-2026-08-14.md","2715","d7dba7d42bdf0a08c042827966ec11292c0ae72fa6f0bda5ca7a3ca7d224b8e1","16AKPCHtBAlDS7V0CVM1NyxIV5Y91Uzve","https://drive.google.com/file/d/16AKPCHtBAlDS7V0CVM1NyxIV5Y91Uzve/view?usp=drivesdk","SHA256_READBACK","false"
"marketing/seo/editorial-discovery-wave-67-2026-08-14.md","3225","33bd7d84c2bc417afa8adf1dcb4bb83774443aaa8d8b64e156adb03a8ceef2ee","1dD4IWbU_P9S3MVRrCm8qCbeyL_vBQ-O3","https://drive.google.com/file/d/1dD4IWbU_P9S3MVRrCm8qCbeyL_vBQ-O3/view?usp=drivesdk","SHA256_READBACK","false"
"marketing/seo/editorial-discovery-wave-68-2026-08-14.md","4990","7fdfe5cb06d4f4f6cd6f9562f09f121be91daf4e987d6d6ca71f97ec96a34fdd","1-Bo8DgbJhfjhp4f0QpUD_uZ4oeTfBquB","https://drive.google.com/file/d/1-Bo8DgbJhfjhp4f0QpUD_uZ4oeTfBquB/view?usp=drivesdk","SHA256_READBACK","false"
"marketing/seo/editorial-discovery-wave-69-2026-08-14.md","4223","f171328102914728edf6f854471492fb67a6252b9234c7afcc1bb1163e466a3f","1GWYGbofDQrA7k3tebqeFScvw4UjeljP1","https://drive.google.com/file/d/1GWYGbofDQrA7k3tebqeFScvw4UjeljP1/view?usp=drivesdk","SHA256_READBACK","false"
"marketing/seo/editorial-discovery-wave-7-2026-08-03.md","10827","e17cf50fbb03657cfe112611d7a60aba42c9d3719541b093f7bae3a1f3b1636a","1-cO3C2VsC8y9AeR0Y4VgYW-VxZvEjdiE","https://drive.google.com/file/d/1-cO3C2VsC8y9AeR0Y4VgYW-VxZvEjdiE/view?usp=drivesdk","SHA256_READBACK","false"
"marketing/seo/editorial-discovery-wave-71-2026-08-14.md","5591","3f4fffdba17976e98ee64fcbafaa7c69c63b2eb5a4f7387997b1cb08cf052441","1PfVrBPpYOH3VSZSD3Mz4UCEa-4EbAJ6M","https://drive.google.com/file/d/1PfVrBPpYOH3VSZSD3Mz4UCEa-4EbAJ6M/view?usp=drivesdk","SHA256_READBACK","false"
"marketing/seo/editorial-discovery-wave-72-2026-08-14.md","2732","d277a9232bf318663bad265ce5ff43c3ac324deed9736d3b013ed812eb9c9c6c","13uc6b5JEX1-Lm2ZTQh_jgaDHME4UdV5i","https://drive.google.com/file/d/13uc6b5JEX1-Lm2ZTQh_jgaDHME4UdV5i/view?usp=drivesdk","SHA256_READBACK","false"
"marketing/seo/editorial-discovery-wave-73-2026-08-14.md","3440","4a1fda9a5229fcc06ab42b77bcfd076265f2a1567a3bbc9f041e6c8370f8ae5e","1KIblIhyAsSQnmlBS671yNWOuM7w44U4d","https://drive.google.com/file/d/1KIblIhyAsSQnmlBS671yNWOuM7w44U4d/view?usp=drivesdk","SHA256_READBACK","false"
"marketing/seo/editorial-discovery-wave-74-2026-08-14.md","3136","13a839d5821f10f7e7a6aec31a6a204dfee633ab11e74c56fc10d40ac01900c5","1Na_KFVKL3lwa8yeJm05TDchO06l1xmFD","https://drive.google.com/file/d/1Na_KFVKL3lwa8yeJm05TDchO06l1xmFD/view?usp=drivesdk","SHA256_READBACK","false"
"marketing/seo/editorial-discovery-wave-75-2026-08-14.md","3497","47145ead099815c0166bd1e7f840b3f140cbe847b047c129bae1c9e70644c0bd","1ftQ79cUXiE84jzDZr17tYI62uKTDW76M","https://drive.google.com/file/d/1ftQ79cUXiE84jzDZr17tYI62uKTDW76M/view?usp=drivesdk","SHA256_READBACK","false"
"marketing/seo/editorial-discovery-wave-76-2026-08-14.md","3451","a29e293006f893d9f6e5f7bba359298450b3363ebc4623002f7f2e7efe48ada2","1B9FNPmHeZr_tzPUg2-C-OGGnFxTTUDcx","https://drive.google.com/file/d/1B9FNPmHeZr_tzPUg2-C-OGGnFxTTUDcx/view?usp=drivesdk","SHA256_READBACK","false"
"marketing/seo/editorial-discovery-wave-77-2026-08-14.md","4651","f6412ca1296257a518c788f067ae2cacedb9266d1671f4f3cf46dc9deddf8c28","163lRjKLLPtQTn8mTseZaGcCtXMLARN5U","https://drive.google.com/file/d/163lRjKLLPtQTn8mTseZaGcCtXMLARN5U/view?usp=drivesdk","SHA256_READBACK","false"
"marketing/seo/editorial-discovery-wave-78-2026-08-14.md","3686","12e269edf7186e0663e31e4b4294f72b78f3f0ad2da746417d1abba28c6dff29","1NjZUbmmOywG6D6X0t0fsE2YDsVX3kS7i","https://drive.google.com/file/d/1NjZUbmmOywG6D6X0t0fsE2YDsVX3kS7i/view?usp=drivesdk","SHA256_READBACK","false"
"marketing/seo/editorial-discovery-wave-79-2026-08-14.md","4998","bd89e3ff0078a00d28d253d1a17f76d1c17ec00256ea89d91da164f2b0bbcf94","19v1fwBvXfxywHe9gf4W-l3MIlmELIny_","https://drive.google.com/file/d/19v1fwBvXfxywHe9gf4W-l3MIlmELIny_/view?usp=drivesdk","SHA256_READBACK","false"
"marketing/seo/editorial-discovery-wave-8-2026-08-03.md","4567","a253f0a443b630009c0f08e31115b873420d7d5ec278d2bba6f06588d8f352c1","1qo5so63MH4y2Qbr9Z3sa4Dzcc-KWS80z","https://drive.google.com/file/d/1qo5so63MH4y2Qbr9Z3sa4Dzcc-KWS80z/view?usp=drivesdk","SHA256_READBACK","false"
"marketing/seo/editorial-discovery-wave-80-2026-08-14.md","4316","00f19fe35853e9a5ba9d4819ab8f8cb8be9ed834749a5d05b32e93f5a5b53648","1vuVIcoQ_AWqccvbLcEgZN5VItDfsYdVW","https://drive.google.com/file/d/1vuVIcoQ_AWqccvbLcEgZN5VItDfsYdVW/view?usp=drivesdk","SHA256_READBACK","false"
"marketing/seo/editorial-discovery-wave-81-2026-08-14.md","4688","ea944faeb9a9f10a0e7c758df2764e713f66b1735c8710da17875028dea0289e","1V5JXqjmdfFpEfGEtbZDo5x_FOceJIVXd","https://drive.google.com/file/d/1V5JXqjmdfFpEfGEtbZDo5x_FOceJIVXd/view?usp=drivesdk","SHA256_READBACK","false"
"marketing/seo/editorial-discovery-wave-82-2026-08-14.md","3911","14133ea8828c30e6d218670d659eac4a377d7ffc521ab958b14fa3fecb49c7d9","1s_AOchgmLKko0hgGt3sg_MY_HTcRJuxU","https://drive.google.com/file/d/1s_AOchgmLKko0hgGt3sg_MY_HTcRJuxU/view?usp=drivesdk","SHA256_READBACK","false"
"marketing/seo/editorial-discovery-wave-83-2026-08-14.md","4152","acf7be48f841ac0ae6be9f01ba3ea1b5b628dfaf233e9faabd70743d019f1d06","1fe3Csc6bBwLqkwKjdMIUDLgAdUWXJ2uY","https://drive.google.com/file/d/1fe3Csc6bBwLqkwKjdMIUDLgAdUWXJ2uY/view?usp=drivesdk","SHA256_READBACK","false"
"marketing/seo/editorial-discovery-wave-84-2026-08-14.md","4165","caa218191a12b90e8ab2541e42fe09253b3fabf74d7e118b69d9e0fcb9e41b24","1TF0HjJbrxeefyw4psgydsRdulssTUV3N","https://drive.google.com/file/d/1TF0HjJbrxeefyw4psgydsRdulssTUV3N/view?usp=drivesdk","SHA256_READBACK","false"
"marketing/seo/editorial-discovery-wave-85-2026-08-14.md","4302","bccd854d149612bff12a7f168b1f2b2efc56d5286f132ac1c4f093f5f71cc6c5","13wptvQH5eLPn7Leg5iQli5ANoOMdFXVD","https://drive.google.com/file/d/13wptvQH5eLPn7Leg5iQli5ANoOMdFXVD/view?usp=drivesdk","SHA256_READBACK","false"
"marketing/seo/editorial-discovery-wave-9-2026-08-03.md","1726","7f1252df7a2f487b5eca054908cfc26312cf96d60a600ecb4f71927b7b743a56","14gXTXWBbCdpYzMynlWfHwUB1aGzpvtbn","https://drive.google.com/file/d/14gXTXWBbCdpYzMynlWfHwUB1aGzpvtbn/view?usp=drivesdk","SHA256_READBACK","false"
"marketing/seo/noctalia-90-day-execution-log-2026-05-20.md","2564","bd3136408196ec2f05e48212c41e54ca9d80d9e15329530118dbef61cddbcc7a","10BCIZjrWClsqCbkxvtC5fUMSFRw3FcxL","https://drive.google.com/file/d/10BCIZjrWClsqCbkxvtC5fUMSFRw3FcxL/view?usp=drivesdk","SHA256_READBACK","true"
"marketing/seo/search-console/image/2026-04-15_to_2026-07-12/countries.csv","4636","1a54aa0afc57b9e505fbcfcd131f30c0f3bc07bd456a351954f8eb516e6def49","1YcTFGCYT8UBag66g5x9WYaycda7qMzK8","https://drive.google.com/file/d/1YcTFGCYT8UBag66g5x9WYaycda7qMzK8/view?usp=drivesdk","SHA256_READBACK","false"
"marketing/seo/search-console/image/2026-04-15_to_2026-07-12/daily.csv","3451","d9eaf4cbdb619fe96714591f4c8546ed1d31406d431a81793310f119381e11fe","1vdTe6vAioHMhoAeccDgHCWycLYeMLDZZ","https://drive.google.com/file/d/1vdTe6vAioHMhoAeccDgHCWycLYeMLDZZ/view?usp=drivesdk","SHA256_READBACK","false"
"marketing/seo/search-console/image/2026-04-15_to_2026-07-12/devices.csv","182","8fa2624fc6d2f463c02bac928e5d7a32d1a0277f6845a06fae979ece36771909","1vvJn54mof7eGMzW1N9TwcIcIgHMIWOyd","https://drive.google.com/file/d/1vvJn54mof7eGMzW1N9TwcIcIgHMIWOyd/view?usp=drivesdk","SHA256_READBACK","false"
"marketing/seo/search-console/image/2026-04-15_to_2026-07-12/page-query.csv","228131","205b4c989a37719e914618bd2e1698d246a9f182a89b3271dcbaf5a91bab8107","1s9vuY-FcmY24j_O_R7OSmJLc-5StkcM7","https://drive.google.com/file/d/1s9vuY-FcmY24j_O_R7OSmJLc-5StkcM7/view?usp=drivesdk","SHA256_READBACK","false"
"marketing/seo/search-console/image/2026-04-15_to_2026-07-12/pages.csv","41135","1aa36d5692e08bb64692b6908719b5286900a158be7bdacbf7b2856ea39292a2","1MaH_2mGWHXbWXQmqbvvNkN5w414NwXKT","https://drive.google.com/file/d/1MaH_2mGWHXbWXQmqbvvNkN5w414NwXKT/view?usp=drivesdk","SHA256_READBACK","false"
"marketing/seo/search-console/image/2026-04-15_to_2026-07-12/queries.csv","49857","ab454ef69587ae54673f8df17ed2a05e970492f07a8ffb405b87ddfc9c38a5fc","1QNbGKNdfiyMfrCjcjwePyIjAAHyY7mNg","https://drive.google.com/file/d/1QNbGKNdfiyMfrCjcjwePyIjAAHyY7mNg/view?usp=drivesdk","SHA256_READBACK","false"
"marketing/seo/search-console/image/2026-04-15_to_2026-07-12/summary.csv","80","10a1cd25e307d0be0f67ba97b587682cf328a9d3a151206981e5342c4544d79c","17wkGcfgIX3uKNY24LiIyCX6npYotMwpJ","https://drive.google.com/file/d/17wkGcfgIX3uKNY24LiIyCX6npYotMwpJ/view?usp=drivesdk","SHA256_READBACK","false"
"marketing/seo/search-console/image/2026-04-15_to_2026-07-12/summary.json","835","b520f8a2d630c967d3a7a5a08265316555c914a37989e39b8c008087fde6f003","14a7DtOt5CIx6AMrwt0JJYl0ZSV9kz5s5","https://drive.google.com/file/d/14a7DtOt5CIx6AMrwt0JJYl0ZSV9kz5s5/view?usp=drivesdk","RAW_DOWNLOAD_AND_SIZE","false"
"marketing/seo/search-console/web/2026-07-08_to_2026-08-04/countries.csv","7413","39b9f989fe1fd80f1f12850bb31de37b5c12fd66ebcf5b5f639401f4e1f269f3","1eL0gdoRgUXLd7bIJ6uW39rjDevMh9nPZ","https://drive.google.com/file/d/1eL0gdoRgUXLd7bIJ6uW39rjDevMh9nPZ/view?usp=drivesdk","SHA256_READBACK","false"
"marketing/seo/search-console/web/2026-07-08_to_2026-08-04/daily.csv","1713","83633cb5c3bec39006d1cebff5ad56a23f9e22a1b967130cab3dcfcf6a5c0b39","1tTbztNXEYJ-t1jBaazbbHoys8jQqHVE8","https://drive.google.com/file/d/1tTbztNXEYJ-t1jBaazbbHoys8jQqHVE8/view?usp=drivesdk","SHA256_READBACK","false"
"marketing/seo/search-console/web/2026-07-08_to_2026-08-04/devices.csv","205","0e530e673ec3ba64c3b7d205276cff3398dca7d04096c487454f9e44dbf98bb7","1St_jQSAmD0X8ICVM7Kz88EmyMeCMUozu","https://drive.google.com/file/d/1St_jQSAmD0X8ICVM7Kz88EmyMeCMUozu/view?usp=drivesdk","SHA256_READBACK","false"
"marketing/seo/search-console/web/2026-07-08_to_2026-08-04/page-query-canonical.csv","1697299","0bdb3b12bb59e05107c84a59c635de721374809aab00e88ad1e8f48131726053","1gAmnYL3GW-4xZYD8ND-9_mP3je-hBm8D","https://drive.google.com/file/d/1gAmnYL3GW-4xZYD8ND-9_mP3je-hBm8D/view?usp=drivesdk","SHA256_READBACK","false"
"marketing/seo/search-console/web/2026-07-08_to_2026-08-04/page-query.csv","2006012","6ddfcf1762f55ebd4d5947b28b6f0fcbd438c8d2489fa218b3f54b94bba110e6","1rrxjD7J6DGvLl8yrK7MhYDEftiraDYjS","https://drive.google.com/file/d/1rrxjD7J6DGvLl8yrK7MhYDEftiraDYjS/view?usp=drivesdk","SHA256_READBACK","false"
"marketing/seo/search-console/web/2026-07-08_to_2026-08-04/pages-canonical.csv","152257","1062a5d82f8bfea223eebfdd64676bec1bfcdba575cdeef6a3267ae32e57d95e","1RrDL09_HrjXSwJUtjDojFQxiLVitbhFo","https://drive.google.com/file/d/1RrDL09_HrjXSwJUtjDojFQxiLVitbhFo/view?usp=drivesdk","SHA256_READBACK","false"
"marketing/seo/search-console/web/2026-07-08_to_2026-08-04/pages.csv","177202","3839dd1c83688b5be33f377836770e53d36b629ce7a4916d7fd752ad81db592b","1inTAtaUe4L5AcD7VCuPhUE6e971xzRPs","https://drive.google.com/file/d/1inTAtaUe4L5AcD7VCuPhUE6e971xzRPs/view?usp=drivesdk","SHA256_READBACK","false"
"marketing/seo/search-console/web/2026-07-08_to_2026-08-04/queries.csv","457850","08b5f5612e7a3268a5cfc2c9c1d162d19171f7b42a7b6b6d0266f7331cd38f84","1-rBU9Bw3Sa3QVLtcQhcg1qE5ak-j6BhF","https://drive.google.com/file/d/1-rBU9Bw3Sa3QVLtcQhcg1qE5ak-j6BhF/view?usp=drivesdk","SHA256_READBACK","false"
"marketing/seo/search-console/web/2026-07-08_to_2026-08-04/summary.csv","83","873921fb03434974870fccd5227fc3155b58237ec36d0b68f48e84afb5cad1b7","1uGXVdjg4YPGoR3kLUjMvhVI1OIKNmPqk","https://drive.google.com/file/d/1uGXVdjg4YPGoR3kLUjMvhVI1OIKNmPqk/view?usp=drivesdk","SHA256_READBACK","false"
"marketing/seo/search-console/web/2026-07-08_to_2026-08-04/summary.json","1160","c122100e2fa52a4d8fc51ad85a09c531a1cde6eb24053734097ef4ed845987d9","14oPbz3P1Yka4Koyjg6_gS1k58xwvBvXj","https://drive.google.com/file/d/14oPbz3P1Yka4Koyjg6_gS1k58xwvBvXj/view?usp=drivesdk","RAW_DOWNLOAD_AND_SIZE","false"
"marketing/seo/search-console/web/2026-08-04_to_2026-09-02/countries.csv","8277","0610e90049702477a79b5e3445445e219ce6e24931f64af3888da1c9cc3bfe26","1Tg6O82FFj842-_tx-AJ4iWuBupkeZwz8","https://drive.google.com/file/d/1Tg6O82FFj842-_tx-AJ4iWuBupkeZwz8/view?usp=drivesdk","SHA256_READBACK","false"
"marketing/seo/search-console/web/2026-08-04_to_2026-09-02/daily.csv","1836","ab260cefa45932fe9b00964d980fd50a0cae0964f66101ce163032447e623d5e","1Y1IDHGlPlFWD8VGvHt8iVjlz8ilK81bv","https://drive.google.com/file/d/1Y1IDHGlPlFWD8VGvHt8iVjlz8ilK81bv/view?usp=drivesdk","SHA256_READBACK","false"
"marketing/seo/search-console/web/2026-08-04_to_2026-09-02/devices.csv","210","868862a55727fa05475125639bd78b78a750ab538c055f8ad52e94808c71e626","1XY6I-F4nS_ifjYZhgZHze4a0wmOFxpwx","https://drive.google.com/file/d/1XY6I-F4nS_ifjYZhgZHze4a0wmOFxpwx/view?usp=drivesdk","SHA256_READBACK","false"
"marketing/seo/search-console/web/2026-08-04_to_2026-09-02/page-query-canonical.csv","2384789","1c2bcd4b12de6bd453b0aa1084d929cae5b1416acdb473dadff9efac0c97cbdc","1InHUVj_iRdgsjlWxWuatYeaXfeN0jMxT","https://drive.google.com/file/d/1InHUVj_iRdgsjlWxWuatYeaXfeN0jMxT/view?usp=drivesdk","SHA256_READBACK","false"
"marketing/seo/search-console/web/2026-08-04_to_2026-09-02/page-query.csv","2779012","f6574f38192301a8a785e3dd3bdbc4d023e0b6e6ea461cad5275f470bfbc9075","1ltQvv1YZ2hV_Gb6GZRN6p4e_DU0HTHsK","https://drive.google.com/file/d/1ltQvv1YZ2hV_Gb6GZRN6p4e_DU0HTHsK/view?usp=drivesdk","SHA256_READBACK","false"
"marketing/seo/search-console/web/2026-08-04_to_2026-09-02/pages-canonical.csv","181667","433407ac68504285af3d98e6d34c224d5aa8ae80c5be975f08c6db334cba71fa","15FjP87pQC6VfNKet0dV4VK07usZQLuTP","https://drive.google.com/file/d/15FjP87pQC6VfNKet0dV4VK07usZQLuTP/view?usp=drivesdk","SHA256_READBACK","false"
"marketing/seo/search-console/web/2026-08-04_to_2026-09-02/pages.csv","219981","1b0b255a6c65ccb090a9f83748c4c4b6646db8486c6b2d756ab9eab7a461fcf0","1FwB-Nym7qkjkwkAOU1VmFqI-oQwb-wuU","https://drive.google.com/file/d/1FwB-Nym7qkjkwkAOU1VmFqI-oQwb-wuU/view?usp=drivesdk","SHA256_READBACK","false"
"marketing/seo/search-console/web/2026-08-04_to_2026-09-02/queries.csv","654091","cda8f5c5f5774ecc16496f5308e4c8771dd1758d4e996950b3885ee5f23be9b7","1uMx8BTu46V0HtMMiU_csncBs74VktAdU","https://drive.google.com/file/d/1uMx8BTu46V0HtMMiU_csncBs74VktAdU/view?usp=drivesdk","SHA256_READBACK","false"
"marketing/seo/search-console/web/2026-08-04_to_2026-09-02/summary.csv","83","3e3a1b38b7e389119b410b4b062151d86e6e07f0f3615513099a8c821c5a40e4","1-t8l6hQT-mWP76RbemxYIvbilcQzt4MG","https://drive.google.com/file/d/1-t8l6hQT-mWP76RbemxYIvbilcQzt4MG/view?usp=drivesdk","SHA256_READBACK","false"
"marketing/seo/search-console/web/2026-08-04_to_2026-09-02/summary.json","1204","fa9f9f154e59b409d883ce7f2d02371708b7e20b26b75b813b719cc89557f9ef","1JNlDun1cc_A3vKkaIi_IPy9nQGsfx6D6","https://drive.google.com/file/d/1JNlDun1cc_A3vKkaIi_IPy9nQGsfx6D6/view?usp=drivesdk","RAW_DOWNLOAD_AND_SIZE","false"
"marketing/seo/search-console/web/2026-08-05_to_2026-09-01/countries.csv","8321","49beea497064b13782717a7f8d8c2e7b7235228982e6bb6075ec13cf3a02d196","1kCJe8pR8dlNrWWBJhSnhK3N45qwqyNXJ","https://drive.google.com/file/d/1kCJe8pR8dlNrWWBJhSnhK3N45qwqyNXJ/view?usp=drivesdk","SHA256_READBACK","false"
"marketing/seo/search-console/web/2026-08-05_to_2026-09-01/daily.csv","1716","7aa9573c2a9a7fb61ae031c6dd56688d3df122fb82af42448b8d07701e7360e5","1tRpmhBIi9JjKQ6eV1Rw96RhnwRIg8VSE","https://drive.google.com/file/d/1tRpmhBIi9JjKQ6eV1Rw96RhnwRIg8VSE/view?usp=drivesdk","SHA256_READBACK","false"
"marketing/seo/search-console/web/2026-08-05_to_2026-09-01/devices.csv","209","58e01fd6e551bba45890e472fef68379679f74020a03725d1dae66b3283aa61d","1O9S0CVrJwc-h6qDtXHvh-1SAe-cMKCqM","https://drive.google.com/file/d/1O9S0CVrJwc-h6qDtXHvh-1SAe-cMKCqM/view?usp=drivesdk","SHA256_READBACK","false"
"marketing/seo/search-console/web/2026-08-05_to_2026-09-01/page-query-canonical.csv","2327220","9df73d37c96c241aba151fcaf8ca6c725a005eef332b8ab22ecb304c504fc1ae","1S2aX_G6PsypeYFfWvyVOqjW7jF4LAJ71","https://drive.google.com/file/d/1S2aX_G6PsypeYFfWvyVOqjW7jF4LAJ71/view?usp=drivesdk","SHA256_READBACK","false"
"marketing/seo/search-console/web/2026-08-05_to_2026-09-01/page-query.csv","2716061","440b4cd366adaf19e13a5ea1ce3c5c567cd9a9b32c4e1d7e2758a58e87ebe692","1OqODPHwZJLmbMDYKG2OP15kcfJKKH0mc","https://drive.google.com/file/d/1OqODPHwZJLmbMDYKG2OP15kcfJKKH0mc/view?usp=drivesdk","SHA256_READBACK","false"
"marketing/seo/search-console/web/2026-08-05_to_2026-09-01/pages-canonical.csv","180816","6dc3a9e3faba13b134eb742fe9f6087a882c2a382141f2c7d9fd9edf903e6d31","12ssujmXi0KgRqvkW43GAV3GvffaZzzo6","https://drive.google.com/file/d/12ssujmXi0KgRqvkW43GAV3GvffaZzzo6/view?usp=drivesdk","SHA256_READBACK","false"
"marketing/seo/search-console/web/2026-08-05_to_2026-09-01/pages.csv","219027","a74657c60f4ab5d0075ea75904fd01d1a4f7496eca8752735b459e8320bf01a9","1R6O1AEGmJnK4mkTXFcNGiX64VlwvT0Dn","https://drive.google.com/file/d/1R6O1AEGmJnK4mkTXFcNGiX64VlwvT0Dn/view?usp=drivesdk","SHA256_READBACK","false"
"marketing/seo/search-console/web/2026-08-05_to_2026-09-01/queries.csv","639013","f4131763b48cc1aad140e09962bab51144c7cd0a20fad7e53e14e62b83e6f1ab","1Hd9utdRqLmyN4urSnoShls2NRssDGuC2","https://drive.google.com/file/d/1Hd9utdRqLmyN4urSnoShls2NRssDGuC2/view?usp=drivesdk","SHA256_READBACK","false"
"marketing/seo/search-console/web/2026-08-05_to_2026-09-01/summary.csv","82","50782ec894bb116634ceecacc9b0107e4898f1c03eb37a7af31ed886423b1459","1ZXSDmg6qvx2peIcRm6T1_R5xwln7Zd8F","https://drive.google.com/file/d/1ZXSDmg6qvx2peIcRm6T1_R5xwln7Zd8F/view?usp=drivesdk","SHA256_READBACK","false"
"marketing/seo/search-console/web/2026-08-05_to_2026-09-01/summary.json","1161","5352bd64f8b1b84856a3786ab83654874427831724cc1cfa88f92355adea878e","1uewNR0ltj2QX7CxTnZrTBKLq4ZvjnB1v","https://drive.google.com/file/d/1uewNR0ltj2QX7CxTnZrTBKLq4ZvjnB1v/view?usp=drivesdk","RAW_DOWNLOAD_AND_SIZE","false"
"marketing/seo/search-console/web/2026-08-19_to_2026-08-25/countries.csv","6468","aa0a625f6c337f29830a27d48352e7119366dff47e4088ded488bb3ec838b53a","1GHn7vgXa74zHNPaMZO7l2bTHTbetcZdC","https://drive.google.com/file/d/1GHn7vgXa74zHNPaMZO7l2bTHTbetcZdC/view?usp=drivesdk","SHA256_READBACK","false"
"marketing/seo/search-console/web/2026-08-19_to_2026-08-25/daily.csv","454","a999566c0f970306ae44d653cb7998d8e2aaae3a72340715d75c295c57fd4518","15NDflY7kFADajeTSaIQqSLJXeUuBoVBK","https://drive.google.com/file/d/15NDflY7kFADajeTSaIQqSLJXeUuBoVBK/view?usp=drivesdk","SHA256_READBACK","false"
"marketing/seo/search-console/web/2026-08-19_to_2026-08-25/devices.csv","206","6c36956b3a18edaeef422889b5bc73d3b858eef1ad5feb9af83e200f60119322","1ejXk717d16eSpmrN08-yjkPFwUQYtOML","https://drive.google.com/file/d/1ejXk717d16eSpmrN08-yjkPFwUQYtOML/view?usp=drivesdk","SHA256_READBACK","false"
"marketing/seo/search-console/web/2026-08-19_to_2026-08-25/page-query-canonical.csv","1199969","f235ee49204b535e35d094ff12c2569ed7fa98bd960e463ce38f6d1ef30d9d48","1JQmRxrcc0HQaRvWLdnVjtgE7LyrH_DbJ","https://drive.google.com/file/d/1JQmRxrcc0HQaRvWLdnVjtgE7LyrH_DbJ/view?usp=drivesdk","SHA256_READBACK","false"
"marketing/seo/search-console/web/2026-08-19_to_2026-08-25/page-query.csv","1473004","a8b36d7ba6844c4def777e3e09723c9e6da48d8b7432833dd61071bee6aa123b","1ZLawNXMY1Jhei-XKwDL5cZ99ynA_JeMi","https://drive.google.com/file/d/1ZLawNXMY1Jhei-XKwDL5cZ99ynA_JeMi/view?usp=drivesdk","SHA256_READBACK","false"
"marketing/seo/search-console/web/2026-08-19_to_2026-08-25/pages-canonical.csv","151013","5afad91dde090a345be1ca4b5b5c875e0407f94e232534eb7f5a1b2dcd361299","1ywLENGLGZNQH3snZpW9CBLFx1FAph34B","https://drive.google.com/file/d/1ywLENGLGZNQH3snZpW9CBLFx1FAph34B/view?usp=drivesdk","SHA256_READBACK","false"
"marketing/seo/search-console/web/2026-08-19_to_2026-08-25/pages.csv","177877","81712c65f5d62759173dc6696e1c53d0e47e73f25114e370b4f2a0b58b2b2a18","1s8zyr9MFHR5KT__kOyru8eztb4ODjTsi","https://drive.google.com/file/d/1s8zyr9MFHR5KT__kOyru8eztb4ODjTsi/view?usp=drivesdk","SHA256_READBACK","false"
"marketing/seo/search-console/web/2026-08-19_to_2026-08-25/queries.csv","335980","b62771cbf1d1a529c5a9bef9ebdd980684a4a9a2031584ffe9fed790d073de3b","1gqKaHBjdilllTow7WJMamVDI9NTtLb6e","https://drive.google.com/file/d/1gqKaHBjdilllTow7WJMamVDI9NTtLb6e/view?usp=drivesdk","SHA256_READBACK","false"
"marketing/seo/search-console/web/2026-08-19_to_2026-08-25/summary.csv","82","2af1ab10d218b36271b55ddb5d8ae8d9e6f083d484a75f4a573aa5a96d054c0f","1fRJ726WfL03MoaxH2yn1r_opYEF_WaYy","https://drive.google.com/file/d/1fRJ726WfL03MoaxH2yn1r_opYEF_WaYy/view?usp=drivesdk","SHA256_READBACK","false"
"marketing/seo/search-console/web/2026-08-19_to_2026-08-25/summary.json","1155","4948e65295cf68021ae9a1497e86161782d46bc3d919a75a0b4177ff214a0e37","1RcvvArN6pPBz9GBKOG44ps6v-rDj0boQ","https://drive.google.com/file/d/1RcvvArN6pPBz9GBKOG44ps6v-rDj0boQ/view?usp=drivesdk","RAW_DOWNLOAD_AND_SIZE","false"
"marketing/seo/search-console/web/2026-08-26_to_2026-09-01/countries.csv","6307","3dd404b41ed5103818d45092a211053146db5d2e445e4a7613223ef2f5a814c9","1v2kXEK8PgjLyr866asW5bsZ8erw4VgKt","https://drive.google.com/file/d/1v2kXEK8PgjLyr866asW5bsZ8erw4VgKt/view?usp=drivesdk","SHA256_READBACK","false"
"marketing/seo/search-console/web/2026-08-26_to_2026-09-01/daily.csv","456","3dbcaab3f18642b033466f38b8d69b468c92a75d4be7502e5c572e2fa7cbc2ea","18WnOnBWE9lRfVqEYumUNM9WsK5pcLEj3","https://drive.google.com/file/d/18WnOnBWE9lRfVqEYumUNM9WsK5pcLEj3/view?usp=drivesdk","SHA256_READBACK","false"
"marketing/seo/search-console/web/2026-08-26_to_2026-09-01/devices.csv","209","2ddae23dd5b4e385d5caf925b1d9c0a4045515e9ceb7c639c9bde7558abdb7c6","1OFSbApDF795JoqoaVEKP0kneAdtJ20Pt","https://drive.google.com/file/d/1OFSbApDF795JoqoaVEKP0kneAdtJ20Pt/view?usp=drivesdk","SHA256_READBACK","false"
"marketing/seo/search-console/web/2026-08-26_to_2026-09-01/page-query-canonical.csv","1342956","30c11bf6865b4325f7d4c3ee1745eb929985fe76fb376152c78a7ed125b47057","1IQkqkb8rRCocN4kDVYYdQMTaaa4MTbr6","https://drive.google.com/file/d/1IQkqkb8rRCocN4kDVYYdQMTaaa4MTbr6/view?usp=drivesdk","SHA256_READBACK","false"
"marketing/seo/search-console/web/2026-08-26_to_2026-09-01/page-query.csv","1636048","ffe6d875f299da221df7930c117d16c3a1d10f4f979931e6553a7a728b856025","1E7aH1kb4TGOFGfoxjnf0oie9kcsYC2HW","https://drive.google.com/file/d/1E7aH1kb4TGOFGfoxjnf0oie9kcsYC2HW/view?usp=drivesdk","SHA256_READBACK","false"
"marketing/seo/search-console/web/2026-08-26_to_2026-09-01/pages-canonical.csv","153333","210bfb3cea87907bfbf009693c9fcd294ec22aeb1d7ffcbfa8e30b98955bb049","13FWy82IjLEIBAJlRQjVkHxBWzilfzKED","https://drive.google.com/file/d/13FWy82IjLEIBAJlRQjVkHxBWzilfzKED/view?usp=drivesdk","SHA256_READBACK","false"
"marketing/seo/search-console/web/2026-08-26_to_2026-09-01/pages.csv","184658","53996904496873ba83a838bc59b03b562ab9251ae86d5f1daf9b5e82bb4e77e4","1DcxptbA_H8qSolYb2KYEY8uxf0fL-iyK","https://drive.google.com/file/d/1DcxptbA_H8qSolYb2KYEY8uxf0fL-iyK/view?usp=drivesdk","SHA256_READBACK","false"
"marketing/seo/search-console/web/2026-08-26_to_2026-09-01/queries.csv","364349","07083630da670de023958b94537ed6161558cd6e3481da55b6761ccd5081baef","1ib1CB3oIZVTrip_-EVTjcsMEvA6NxC6o","https://drive.google.com/file/d/1ib1CB3oIZVTrip_-EVTjcsMEvA6NxC6o/view?usp=drivesdk","SHA256_READBACK","false"
"marketing/seo/search-console/web/2026-08-26_to_2026-09-01/summary.csv","82","ac3ea72e209ae03d66d04802d23974b79a7663428ce610369c0c9519eaa32bfe","13Gz7GXcbIs7gi3EEzFPiGBaUFSUrXFGd","https://drive.google.com/file/d/13Gz7GXcbIs7gi3EEzFPiGBaUFSUrXFGd/view?usp=drivesdk","SHA256_READBACK","false"
"marketing/seo/search-console/web/2026-08-26_to_2026-09-01/summary.json","1156","3ad9de2b9373a4534149b0f54288f9a374197a6cb89204b21b1a29abc57472f6","1jSr5WBpSOKb6n7bW6IFM-LhlyxEjzBAn","https://drive.google.com/file/d/1jSr5WBpSOKb6n7bW6IFM-LhlyxEjzBAn/view?usp=drivesdk","RAW_DOWNLOAD_AND_SIZE","false"
