# path	graph	CI consumers (noctalia includes Journal and Lucid)
.nvmrc	build	noctalia meditation site edge_contracts
package.json	build	noctalia site edge_contracts
package-lock.json	build	noctalia site edge_contracts
scripts/android-device-lock.js	execution	noctalia meditation
lib/productAnalytics.ts	contract	noctalia edge_contracts
docs-src/static/data/curation-pages.json	content	noctalia site
data/dream-symbols.json	content	noctalia site
data/dream-symbols-extended.json	content	noctalia site
data/dream-symbols-extended-tier3.json	content	noctalia site
data/practicalDreamGuides.ts	content	noctalia site
