query,clicks,impressions,ctr,position
que significa soñar con un arbol,1,6,0.16666666666666666,6.833333333333333
soñar con arbol,1,4,0.25,1.75
soñar con arboles gigantes,1,9,0.1111111111111111,9.222222222222221
soñar con podar un arbol,1,2,0.5,7
soñar con un arbol caido,1,3,0.3333333333333333,2.333333333333333
de salud,0,1,0,2
que significa soñar con arboles,0,6,0,6.833333333333333
que significa soñar con arboles caidos,0,1,0,1
que significa soñar con arboles gigantes,0,1,0,9
que significa soñar con arboles grandes,0,3,0,8
que significa soñar con arboles que se caen,0,3,0,5.333333333333333
que significa soñar con ramas secas,0,1,0,8
que significa soñar con troncos de árboles cortados,0,9,0,5.222222222222222
que significa soñar con un arbol gigante,0,2,0,3
que significa soñar con un arbol grande,0,2,0,6
que significa soñar con un arbol grande y frondoso,0,2,0,5
que significa soñar con un arbol lleno de frutos,0,2,0,9
que significa soñar con un árbol,0,2,0,8
que significa soñar con un árbol muy grande,0,1,0,9
que significa soñar con árboles,0,1,0,12
que significa soñar con árboles caídos por el viento,0,1,0,1
que significa soñar con árboles frutales,0,1,0,28
que significa soñar con árboles secos grandes,0,1,0,5
que significa soñar cortando un árbol grande,0,1,0,1
que significa soñar que alguien corta un árbol,0,15,0,5.2
que significa soñar que cortan un árbol grande,0,5,0,3.4
que significa soñar que plantas un arbol,0,1,0,5
que significa soñar que se cae un arbol,0,4,0,4.5
que significa soñar que se cae un arbol grande,0,6,0,4.333333333333334
que significa soñar que se caen arboles,0,1,0,1
que significa soñar que se caen arboles grandes,0,3,0,4.666666666666666
que significa soñar que se caen los arboles,0,1,0,11
que significa soñar que un arbol se cae,0,2,0,1
que significa soñar un arbol grande,0,2,0,5
que significa soñar ver caer un árbol grande,0,11,0,6.818181818181818
qué significa soñar con un árbol,0,8,0,6.625
qué significa soñar con un árbol grande,0,10,0,3.7
qué significa soñar con un árbol seco,0,5,0,2.2
qué significa soñar con árboles,0,1,0,13
significado de soñar con arboles,0,1,0,12
significado de soñar con arboles grandes,0,1,0,7
significado de soñar con un árbol,0,1,0,1
significado de soñar que estoy arriba de un árbol,0,1,0,7
soñar arboles grandes,0,3,0,7
soñar con arbol caido,0,4,0,3.25
soñar con arbol gigante,0,1,0,1
soñar con arbol grande,0,3,0,9.666666666666666
soñar con arboles,0,7,0,8.571428571428571
soñar con arboles caidos,0,1,0,1
soñar con arboles de frutas,0,1,0,2
soñar con arboles frutales cargados,0,1,0,11
soñar con arboles grandes,0,2,0,6
soñar con arboles grandes y frondosos,0,2,0,4
soñar con arboles que se caen,0,2,0,1
soñar con madera cortada,0,2,0,1
soñar con podar arboles,0,1,0,1
soñar con raices de plantas,0,1,0,9
soñar con trepar un arbol,0,3,0,3
soñar con troncos de madera cortados,0,1,0,1
soñar con un arbol,0,2,0,8.5
soñar con un arbol gigante,0,2,0,5.5
soñar con un arbol grande,0,9,0,6.888888888888889
soñar con un arbol lleno de frutos,0,1,0,10
soñar con un árbol,0,5,0,4
soñar con un árbol grande,0,1,0,8
soñar con un árbol grande y viejo,0,8,0,3.875
soñar con vientos fuertes y árboles caídos,0,3,0,7.333333333333333
soñar con árbol,0,2,0,3.5
soñar con árbol cortado,0,4,0,1.5
soñar con árbol seco,0,4,0,2.25
soñar con árboles,0,2,0,6.5
soñar con árboles caídos por el viento,0,8,0,5.125
soñar con árboles cortados,0,6,0,2
soñar con árboles grandes,0,8,0,8.125
soñar con árboles verdes y grandes,0,1,0,3
soñar cortando ramas de un árbol,0,4,0,8.5
soñar que alguien corta un árbol,0,4,0,7.25
soñar que cortan un arbol,0,2,0,1
soñar que cortan un árbol de tu casa,0,1,0,1
soñar que cortan un árbol grande,0,7,0,3.7142857142857144
soñar que plantas un arbol,0,5,0,7.8
soñar que se cae un arbol,0,3,0,3
soñar que se cae un arbol grande,0,6,0,6.333333333333333
soñar que se caen arboles grandes,0,7,0,6
soñar que se caen los arboles,0,1,0,1
soñar que un arbol se cae,0,4,0,5.5
soñar que un árbol cae sobre una persona,0,2,0,1
soñar que un árbol se cae,0,2,0,5.5
soñar que un árbol se cae sobre tu casa,0,2,0,1
soñar que un árbol se rompe,0,2,0,3
soñar un arbol grande,0,1,0,4
soñar un arbol grande y frondoso,0,1,0,11
soñar ver caer un árbol grande,0,4,0,7.75
